2024-03-30 22:32:17,352 [1] INFO DBRepoPersoana - Initializing DBRepoPersoana...
2024-03-30 22:32:17,388 [1] INFO DBRepoArtist - Initializing DBRepoArtist...
2024-03-30 22:32:17,388 [1] INFO DBRepoBilet - Initializing DBRepoBilet...
2024-03-30 22:32:17,388 [1] INFO DBRepoSpectacol - Initializing DBRepoSpectacol...
2024-03-30 22:32:17,390 [1] INFO mpp_c_app1.MainClass - Logger-ul a fost ini?ializat cu succes.
2024-03-30 22:32:17,392 [1] INFO DBRepoPersoana - FindAll method called.
2024-03-30 22:32:17,443 [1] INFO DBRepoPersoana - Found 8 persoane
2024-03-30 22:32:17,444 [1] INFO DBRepoPersoana - findOne method called for id: 5
2024-03-30 22:32:17,451 [1] INFO DBRepoArtist - findAll method called.
2024-03-30 22:32:17,452 [1] INFO DBRepoArtist - Found 2 artists
2024-03-30 22:32:17,453 [1] INFO DBRepoBilet - saving task mpp_c_app1.domain.Bilet 
2024-03-30 22:32:17,463 [1] INFO DBRepoBilet - Saved 1 instances
2024-03-30 22:32:17,464 [1] INFO DBRepoBilet - findAll method called.
2024-03-30 22:32:17,467 [1] INFO DBRepoSpectacol - FindAll method called.
2024-04-01 16:49:25,811 [1] INFO DBRepoPersoana - Initializing DBRepoPersoana...
2024-04-01 16:49:25,841 [1] INFO DBRepoArtist - Initializing DBRepoArtist...
2024-04-01 16:49:25,841 [1] INFO DBRepoBilet - Initializing DBRepoBilet...
2024-04-01 16:49:25,842 [1] INFO DBRepoSpectacol - Initializing DBRepoSpectacol...
2024-04-01 16:49:25,843 [1] INFO mpp_c_app1.MainClass - Logger-ul a fost ini?ializat cu succes.
2024-04-01 16:49:25,845 [1] INFO DBRepoPersoana - FindAll method called.
2024-04-01 16:49:25,896 [1] INFO DBRepoPersoana - Found 8 persoane
2024-04-01 16:49:25,896 [1] INFO DBRepoPersoana - findOne method called for id: 5
2024-04-01 16:49:25,902 [1] INFO DBRepoArtist - findAll method called.
2024-04-01 16:49:25,903 [1] INFO DBRepoArtist - Found 2 artists
2024-04-01 16:49:25,904 [1] INFO DBRepoBilet - saving task mpp_c_app1.domain.Bilet 
2024-04-01 16:49:25,910 [1] INFO DBRepoBilet - Saved 1 instances
2024-04-01 16:49:25,911 [1] INFO DBRepoBilet - findAll method called.
2024-04-01 16:49:25,913 [1] INFO DBRepoSpectacol - FindAll method called.
2024-04-01 16:50:11,816 [1] INFO DBRepoPersoana - Initializing DBRepoPersoana...
2024-04-01 16:50:11,855 [1] INFO DBRepoArtist - Initializing DBRepoArtist...
2024-04-01 16:50:11,855 [1] INFO DBRepoBilet - Initializing DBRepoBilet...
2024-04-01 16:50:11,856 [1] INFO DBRepoSpectacol - Initializing DBRepoSpectacol...
2024-04-01 16:50:11,857 [1] INFO mpp_c_app1.MainClass - Logger-ul a fost ini?ializat cu succes.
2024-04-01 16:50:11,858 [1] INFO DBRepoPersoana - FindAll method called.
2024-04-01 16:50:11,909 [1] INFO DBRepoPersoana - Found 8 persoane
2024-04-01 16:50:11,910 [1] INFO DBRepoPersoana - findOne method called for id: 5
2024-04-01 16:50:11,914 [1] INFO DBRepoArtist - findAll method called.
2024-04-01 16:50:11,915 [1] INFO DBRepoArtist - Found 2 artists
2024-04-01 16:50:11,915 [1] INFO DBRepoBilet - saving task mpp_c_app1.domain.Bilet 
2024-04-01 16:50:11,923 [1] INFO DBRepoBilet - Saved 1 instances
2024-04-01 16:50:11,923 [1] INFO DBRepoBilet - findAll method called.
2024-04-01 16:50:11,925 [1] INFO DBRepoSpectacol - FindAll method called.
2024-04-01 16:52:01,423 [1] INFO DBRepoPersoana - Initializing DBRepoPersoana...
2024-04-01 16:52:01,451 [1] INFO DBRepoArtist - Initializing DBRepoArtist...
2024-04-01 16:52:01,451 [1] INFO DBRepoBilet - Initializing DBRepoBilet...
2024-04-01 16:52:01,451 [1] INFO DBRepoSpectacol - Initializing DBRepoSpectacol...
2024-04-01 16:52:01,452 [1] INFO DBRepoArtist - Initializing DBRepoArtist...
2024-04-01 16:52:01,452 [1] INFO DBRepoClient - Initializing DBRepoClient...
2024-04-01 16:52:01,480 [1] INFO mpp_c_app1.Form1 - Logger-ul a fost ini?ializat cu succes.
2024-04-01 16:56:27,793 [1] INFO DBRepoPersoana - Initializing DBRepoPersoana...
2024-04-01 16:56:27,824 [1] INFO DBRepoArtist - Initializing DBRepoArtist...
2024-04-01 16:56:27,824 [1] INFO DBRepoBilet - Initializing DBRepoBilet...
2024-04-01 16:56:27,824 [1] INFO DBRepoSpectacol - Initializing DBRepoSpectacol...
2024-04-01 16:56:27,824 [1] INFO DBRepoArtist - Initializing DBRepoArtist...
2024-04-01 16:56:27,824 [1] INFO DBRepoClient - Initializing DBRepoClient...
2024-04-01 16:56:27,858 [1] INFO mpp_c_app1.Form1 - Logger-ul a fost ini?ializat cu succes.
2024-04-01 16:56:56,760 [1] INFO DBRepoPersoana - Initializing DBRepoPersoana...
2024-04-01 16:56:56,792 [1] INFO DBRepoArtist - Initializing DBRepoArtist...
2024-04-01 16:56:56,792 [1] INFO DBRepoBilet - Initializing DBRepoBilet...
2024-04-01 16:56:56,792 [1] INFO DBRepoSpectacol - Initializing DBRepoSpectacol...
2024-04-01 16:56:56,792 [1] INFO DBRepoArtist - Initializing DBRepoArtist...
2024-04-01 16:56:56,792 [1] INFO DBRepoClient - Initializing DBRepoClient...
2024-04-01 16:56:56,818 [1] INFO mpp_c_app1.Form1 - Logger-ul a fost ini?ializat cu succes.
2024-04-01 16:58:10,771 [1] INFO DBRepoPersoana - Initializing DBRepoPersoana...
2024-04-01 16:58:10,802 [1] INFO DBRepoArtist - Initializing DBRepoArtist...
2024-04-01 16:58:10,803 [1] INFO DBRepoBilet - Initializing DBRepoBilet...
2024-04-01 16:58:10,803 [1] INFO DBRepoSpectacol - Initializing DBRepoSpectacol...
2024-04-01 16:58:10,803 [1] INFO DBRepoArtist - Initializing DBRepoArtist...
2024-04-01 16:58:10,803 [1] INFO DBRepoClient - Initializing DBRepoClient...
2024-04-01 16:58:10,828 [1] INFO mpp_c_app1.Form1 - Logger-ul a fost ini?ializat cu succes.
2024-04-01 16:58:49,140 [1] INFO DBRepoPersoana - Initializing DBRepoPersoana...
2024-04-01 16:58:49,173 [1] INFO DBRepoArtist - Initializing DBRepoArtist...
2024-04-01 16:58:49,173 [1] INFO DBRepoBilet - Initializing DBRepoBilet...
2024-04-01 16:58:49,173 [1] INFO DBRepoSpectacol - Initializing DBRepoSpectacol...
2024-04-01 16:58:49,174 [1] INFO DBRepoArtist - Initializing DBRepoArtist...
2024-04-01 16:58:49,174 [1] INFO DBRepoClient - Initializing DBRepoClient...
2024-04-01 16:58:49,207 [1] INFO mpp_c_app1.Form1 - Logger-ul a fost ini?ializat cu succes.
2024-04-01 16:59:58,715 [1] INFO DBRepoPersoana - Initializing DBRepoPersoana...
2024-04-01 16:59:58,749 [1] INFO DBRepoArtist - Initializing DBRepoArtist...
2024-04-01 16:59:58,749 [1] INFO DBRepoBilet - Initializing DBRepoBilet...
2024-04-01 16:59:58,749 [1] INFO DBRepoSpectacol - Initializing DBRepoSpectacol...
2024-04-01 16:59:58,750 [1] INFO DBRepoArtist - Initializing DBRepoArtist...
2024-04-01 16:59:58,750 [1] INFO DBRepoClient - Initializing DBRepoClient...
2024-04-01 16:59:58,773 [1] INFO mpp_c_app1.Form1 - Logger-ul a fost ini?ializat cu succes.
2024-04-01 17:11:49,061 [1] INFO DBRepoPersoana - Initializing DBRepoPersoana...
2024-04-01 17:11:49,098 [1] INFO DBRepoArtist - Initializing DBRepoArtist...
2024-04-01 17:11:49,099 [1] INFO DBRepoBilet - Initializing DBRepoBilet...
2024-04-01 17:11:49,099 [1] INFO DBRepoSpectacol - Initializing DBRepoSpectacol...
2024-04-01 17:11:49,099 [1] INFO DBRepoArtist - Initializing DBRepoArtist...
2024-04-01 17:11:49,099 [1] INFO DBRepoClient - Initializing DBRepoClient...
2024-04-01 17:11:49,102 [1] INFO mpp_c_app1.Program - Logger-ul a fost ini?ializat cu succes.
2024-04-01 17:12:41,363 [1] INFO DBRepoPersoana - Initializing DBRepoPersoana...
2024-04-01 17:12:41,394 [1] INFO DBRepoArtist - Initializing DBRepoArtist...
2024-04-01 17:12:41,395 [1] INFO DBRepoBilet - Initializing DBRepoBilet...
2024-04-01 17:12:41,395 [1] INFO DBRepoSpectacol - Initializing DBRepoSpectacol...
2024-04-01 17:12:41,395 [1] INFO DBRepoArtist - Initializing DBRepoArtist...
2024-04-01 17:12:41,395 [1] INFO DBRepoClient - Initializing DBRepoClient...
2024-04-01 17:12:41,398 [1] INFO mpp_c_app1.Program - Logger-ul a fost ini?ializat cu succes.
2024-04-01 17:12:42,712 [1] INFO DBRepoArtist - findAll method called.
2024-04-01 17:12:42,760 [1] INFO DBRepoArtist - Found 2 artists
2024-04-01 17:12:42,761 [1] INFO DBRepoSpectacol - FindAll method called.
2024-04-01 17:12:42,763 [1] INFO DBRepoSpectacol - FindAll method called.
2024-04-01 17:13:10,806 [1] INFO DBRepoPersoana - Initializing DBRepoPersoana...
2024-04-01 17:13:10,838 [1] INFO DBRepoArtist - Initializing DBRepoArtist...
2024-04-01 17:13:10,838 [1] INFO DBRepoBilet - Initializing DBRepoBilet...
2024-04-01 17:13:10,839 [1] INFO DBRepoSpectacol - Initializing DBRepoSpectacol...
2024-04-01 17:13:10,839 [1] INFO DBRepoArtist - Initializing DBRepoArtist...
2024-04-01 17:13:10,839 [1] INFO DBRepoClient - Initializing DBRepoClient...
2024-04-01 17:13:10,853 [1] INFO mpp_c_app1.Program - Logger-ul a fost ini?ializat cu succes.
2024-04-01 17:13:21,753 [1] INFO DBRepoArtist - findAll method called.
2024-04-01 17:13:21,848 [1] INFO DBRepoArtist - Found 2 artists
2024-04-01 17:13:21,849 [1] INFO DBRepoSpectacol - FindAll method called.
2024-04-01 17:13:21,853 [1] INFO DBRepoSpectacol - FindAll method called.
2024-04-01 17:13:49,522 [1] INFO DBRepoPersoana - Initializing DBRepoPersoana...
2024-04-01 17:13:49,561 [1] INFO DBRepoArtist - Initializing DBRepoArtist...
2024-04-01 17:13:49,562 [1] INFO DBRepoBilet - Initializing DBRepoBilet...
2024-04-01 17:13:49,562 [1] INFO DBRepoSpectacol - Initializing DBRepoSpectacol...
2024-04-01 17:13:49,562 [1] INFO DBRepoArtist - Initializing DBRepoArtist...
2024-04-01 17:13:49,563 [1] INFO DBRepoClient - Initializing DBRepoClient...
2024-04-01 17:13:49,579 [1] INFO mpp_c_app1.Program - Logger-ul a fost ini?ializat cu succes.
2024-04-01 17:15:11,029 [1] INFO DBRepoPersoana - Initializing DBRepoPersoana...
2024-04-01 17:15:11,061 [1] INFO DBRepoArtist - Initializing DBRepoArtist...
2024-04-01 17:15:11,061 [1] INFO DBRepoBilet - Initializing DBRepoBilet...
2024-04-01 17:15:11,061 [1] INFO DBRepoSpectacol - Initializing DBRepoSpectacol...
2024-04-01 17:15:11,061 [1] INFO DBRepoArtist - Initializing DBRepoArtist...
2024-04-01 17:15:11,061 [1] INFO DBRepoClient - Initializing DBRepoClient...
2024-04-01 17:15:11,076 [1] INFO mpp_c_app1.Program - Logger-ul a fost ini?ializat cu succes.
2024-04-01 17:15:46,570 [1] INFO DBRepoArtist - findAll method called.
2024-04-01 17:15:46,653 [1] INFO DBRepoArtist - Found 2 artists
2024-04-01 17:15:46,655 [1] INFO DBRepoSpectacol - FindAll method called.
2024-04-01 17:15:46,660 [1] INFO DBRepoSpectacol - FindAll method called.
2024-04-01 17:16:06,831 [1] INFO DBRepoPersoana - Initializing DBRepoPersoana...
2024-04-01 17:16:06,866 [1] INFO DBRepoArtist - Initializing DBRepoArtist...
2024-04-01 17:16:06,866 [1] INFO DBRepoBilet - Initializing DBRepoBilet...
2024-04-01 17:16:06,867 [1] INFO DBRepoSpectacol - Initializing DBRepoSpectacol...
2024-04-01 17:16:06,867 [1] INFO DBRepoArtist - Initializing DBRepoArtist...
2024-04-01 17:16:06,867 [1] INFO DBRepoClient - Initializing DBRepoClient...
2024-04-01 17:16:06,882 [1] INFO mpp_c_app1.Program - Logger-ul a fost ini?ializat cu succes.
2024-04-01 17:17:00,787 [1] INFO DBRepoPersoana - Initializing DBRepoPersoana...
2024-04-01 17:17:00,819 [1] INFO DBRepoArtist - Initializing DBRepoArtist...
2024-04-01 17:17:00,819 [1] INFO DBRepoBilet - Initializing DBRepoBilet...
2024-04-01 17:17:00,819 [1] INFO DBRepoSpectacol - Initializing DBRepoSpectacol...
2024-04-01 17:17:00,820 [1] INFO DBRepoArtist - Initializing DBRepoArtist...
2024-04-01 17:17:00,820 [1] INFO DBRepoClient - Initializing DBRepoClient...
2024-04-01 17:17:00,824 [1] INFO mpp_c_app1.Program - Logger-ul a fost ini?ializat cu succes.
2024-04-01 17:21:02,758 [1] INFO DBRepoPersoana - Initializing DBRepoPersoana...
2024-04-01 17:21:02,794 [1] INFO DBRepoArtist - Initializing DBRepoArtist...
2024-04-01 17:21:02,794 [1] INFO DBRepoBilet - Initializing DBRepoBilet...
2024-04-01 17:21:02,794 [1] INFO DBRepoSpectacol - Initializing DBRepoSpectacol...
2024-04-01 17:21:02,794 [1] INFO DBRepoArtist - Initializing DBRepoArtist...
2024-04-01 17:21:02,794 [1] INFO DBRepoClient - Initializing DBRepoClient...
2024-04-01 17:21:02,798 [1] INFO mpp_c_app1.Program - Logger-ul a fost ini?ializat cu succes.
2024-04-01 17:21:04,528 [1] INFO DBRepoArtist - findAll method called.
2024-04-01 17:21:04,602 [1] INFO DBRepoArtist - Found 2 artists
2024-04-01 17:21:04,602 [1] INFO DBRepoSpectacol - FindAll method called.
2024-04-01 17:21:04,604 [1] INFO DBRepoSpectacol - FindAll method called.
2024-04-01 17:21:18,264 [1] INFO DBRepoPersoana - Initializing DBRepoPersoana...
2024-04-01 17:21:18,306 [1] INFO DBRepoArtist - Initializing DBRepoArtist...
2024-04-01 17:21:18,306 [1] INFO DBRepoBilet - Initializing DBRepoBilet...
2024-04-01 17:21:18,307 [1] INFO DBRepoSpectacol - Initializing DBRepoSpectacol...
2024-04-01 17:21:18,307 [1] INFO DBRepoArtist - Initializing DBRepoArtist...
2024-04-01 17:21:18,307 [1] INFO DBRepoClient - Initializing DBRepoClient...
2024-04-01 17:21:18,333 [1] INFO mpp_c_app1.Program - Logger-ul a fost ini?ializat cu succes.
2024-04-01 17:21:32,239 [1] INFO DBRepoPersoana - Initializing DBRepoPersoana...
2024-04-01 17:21:32,273 [1] INFO DBRepoArtist - Initializing DBRepoArtist...
2024-04-01 17:21:32,273 [1] INFO DBRepoBilet - Initializing DBRepoBilet...
2024-04-01 17:21:32,273 [1] INFO DBRepoSpectacol - Initializing DBRepoSpectacol...
2024-04-01 17:21:32,273 [1] INFO DBRepoArtist - Initializing DBRepoArtist...
2024-04-01 17:21:32,275 [1] INFO DBRepoClient - Initializing DBRepoClient...
2024-04-01 17:21:32,302 [1] INFO mpp_c_app1.Program - Logger-ul a fost ini?ializat cu succes.
2024-04-01 17:22:00,733 [1] INFO DBRepoArtist - findAll method called.
2024-04-01 17:22:00,812 [1] INFO DBRepoArtist - Found 2 artists
2024-04-01 17:22:24,405 [1] INFO DBRepoSpectacol - FindAll method called.
2024-04-01 17:25:29,267 [1] INFO DBRepoPersoana - Initializing DBRepoPersoana...
2024-04-01 17:25:29,306 [1] INFO DBRepoArtist - Initializing DBRepoArtist...
2024-04-01 17:25:29,306 [1] INFO DBRepoBilet - Initializing DBRepoBilet...
2024-04-01 17:25:29,307 [1] INFO DBRepoSpectacol - Initializing DBRepoSpectacol...
2024-04-01 17:25:29,307 [1] INFO DBRepoArtist - Initializing DBRepoArtist...
2024-04-01 17:25:29,307 [1] INFO DBRepoClient - Initializing DBRepoClient...
2024-04-01 17:25:29,310 [1] INFO mpp_c_app1.Program - Logger-ul a fost ini?ializat cu succes.
2024-04-01 17:25:30,659 [1] INFO DBRepoArtist - findAll method called.
2024-04-01 17:25:30,712 [1] INFO DBRepoArtist - Found 2 artists
2024-04-01 17:25:30,713 [1] INFO DBRepoSpectacol - FindAll method called.
2024-04-01 17:25:30,715 [1] INFO DBRepoSpectacol - FindAll method called.
2024-04-01 17:25:39,061 [1] INFO DBRepoPersoana - Initializing DBRepoPersoana...
2024-04-01 17:25:39,095 [1] INFO DBRepoArtist - Initializing DBRepoArtist...
2024-04-01 17:25:39,096 [1] INFO DBRepoBilet - Initializing DBRepoBilet...
2024-04-01 17:25:39,096 [1] INFO DBRepoSpectacol - Initializing DBRepoSpectacol...
2024-04-01 17:25:39,096 [1] INFO DBRepoArtist - Initializing DBRepoArtist...
2024-04-01 17:25:39,096 [1] INFO DBRepoClient - Initializing DBRepoClient...
2024-04-01 17:25:39,114 [1] INFO mpp_c_app1.Program - Logger-ul a fost ini?ializat cu succes.
2024-04-01 17:25:46,965 [1] INFO DBRepoArtist - findAll method called.
2024-04-01 17:25:47,047 [1] INFO DBRepoArtist - Found 2 artists
2024-04-01 17:25:52,271 [1] INFO DBRepoSpectacol - FindAll method called.
2024-04-01 17:26:41,965 [1] INFO DBRepoSpectacol - FindAll method called.
2024-04-01 17:29:45,730 [1] INFO DBRepoPersoana - Initializing DBRepoPersoana...
2024-04-01 17:29:45,766 [1] INFO DBRepoArtist - Initializing DBRepoArtist...
2024-04-01 17:29:45,767 [1] INFO DBRepoBilet - Initializing DBRepoBilet...
2024-04-01 17:29:45,767 [1] INFO DBRepoSpectacol - Initializing DBRepoSpectacol...
2024-04-01 17:29:45,767 [1] INFO DBRepoArtist - Initializing DBRepoArtist...
2024-04-01 17:29:45,768 [1] INFO DBRepoClient - Initializing DBRepoClient...
2024-04-01 17:29:45,783 [1] INFO mpp_c_app1.Program - Logger-ul a fost ini?ializat cu succes.
2024-04-01 17:29:55,469 [1] INFO DBRepoArtist - findAll method called.
2024-04-01 17:29:55,548 [1] INFO DBRepoArtist - Found 2 artists
2024-04-01 17:29:58,576 [1] INFO DBRepoSpectacol - FindAll method called.
2024-04-01 17:30:50,425 [1] INFO DBRepoPersoana - Initializing DBRepoPersoana...
2024-04-01 17:30:50,489 [1] INFO DBRepoArtist - Initializing DBRepoArtist...
2024-04-01 17:30:50,490 [1] INFO DBRepoBilet - Initializing DBRepoBilet...
2024-04-01 17:30:50,491 [1] INFO DBRepoSpectacol - Initializing DBRepoSpectacol...
2024-04-01 17:30:50,491 [1] INFO DBRepoArtist - Initializing DBRepoArtist...
2024-04-01 17:30:50,492 [1] INFO DBRepoClient - Initializing DBRepoClient...
2024-04-01 17:30:50,499 [1] INFO mpp_c_app1.Program - Logger-ul a fost ini?ializat cu succes.
2024-04-01 17:30:52,338 [1] INFO DBRepoArtist - findAll method called.
2024-04-01 17:30:52,424 [1] INFO DBRepoArtist - Found 2 artists
2024-04-01 17:30:52,424 [1] INFO DBRepoSpectacol - FindAll method called.
2024-04-01 17:30:52,427 [1] INFO DBRepoBilet - findAll method called.
2024-04-01 17:30:52,429 [1] INFO DBRepoBilet - findAll method called.
2024-04-01 17:30:52,430 [1] INFO DBRepoSpectacol - FindAll method called.
2024-04-01 17:30:52,430 [1] INFO DBRepoBilet - findAll method called.
2024-04-01 17:31:52,620 [1] INFO DBRepoPersoana - Initializing DBRepoPersoana...
2024-04-01 17:31:52,682 [1] INFO DBRepoArtist - Initializing DBRepoArtist...
2024-04-01 17:31:52,682 [1] INFO DBRepoBilet - Initializing DBRepoBilet...
2024-04-01 17:31:52,682 [1] INFO DBRepoSpectacol - Initializing DBRepoSpectacol...
2024-04-01 17:31:52,683 [1] INFO DBRepoArtist - Initializing DBRepoArtist...
2024-04-01 17:31:52,683 [1] INFO DBRepoClient - Initializing DBRepoClient...
2024-04-01 17:31:52,688 [1] INFO mpp_c_app1.Program - Logger-ul a fost ini?ializat cu succes.
2024-04-01 17:31:54,364 [1] INFO DBRepoArtist - findAll method called.
2024-04-01 17:31:54,434 [1] INFO DBRepoArtist - Found 2 artists
2024-04-01 17:31:54,435 [1] INFO DBRepoSpectacol - FindAll method called.
2024-04-01 17:31:54,437 [1] INFO DBRepoBilet - findAll method called.
2024-04-01 17:31:54,438 [1] INFO DBRepoBilet - findAll method called.
2024-04-01 17:31:54,439 [1] INFO DBRepoSpectacol - FindAll method called.
2024-04-01 17:31:54,439 [1] INFO DBRepoBilet - findAll method called.
2024-04-01 17:36:38,707 [1] INFO DBRepoPersoana - Initializing DBRepoPersoana...
2024-04-01 17:36:38,758 [1] INFO DBRepoArtist - Initializing DBRepoArtist...
2024-04-01 17:36:38,759 [1] INFO DBRepoBilet - Initializing DBRepoBilet...
2024-04-01 17:36:38,759 [1] INFO DBRepoSpectacol - Initializing DBRepoSpectacol...
2024-04-01 17:36:38,760 [1] INFO DBRepoArtist - Initializing DBRepoArtist...
2024-04-01 17:36:38,760 [1] INFO DBRepoClient - Initializing DBRepoClient...
2024-04-01 17:36:38,769 [1] INFO mpp_c_app1.Program - Logger-ul a fost ini?ializat cu succes.
2024-04-01 17:36:40,125 [1] INFO DBRepoArtist - findAll method called.
2024-04-01 17:36:40,187 [1] INFO DBRepoArtist - Found 2 artists
2024-04-01 17:36:40,187 [1] INFO DBRepoSpectacol - FindAll method called.
2024-04-01 17:36:40,190 [1] INFO DBRepoBilet - findAll method called.
2024-04-01 17:36:40,192 [1] INFO DBRepoBilet - findAll method called.
2024-04-01 17:36:40,192 [1] INFO DBRepoSpectacol - FindAll method called.
2024-04-01 17:36:40,193 [1] INFO DBRepoBilet - findAll method called.
2024-04-01 17:46:15,685 [1] INFO DBRepoPersoana - Initializing DBRepoPersoana...
2024-04-01 17:46:15,715 [1] INFO DBRepoArtist - Initializing DBRepoArtist...
2024-04-01 17:46:15,716 [1] INFO DBRepoBilet - Initializing DBRepoBilet...
2024-04-01 17:46:15,716 [1] INFO DBRepoSpectacol - Initializing DBRepoSpectacol...
2024-04-01 17:46:15,716 [1] INFO DBRepoArtist - Initializing DBRepoArtist...
2024-04-01 17:46:15,716 [1] INFO DBRepoClient - Initializing DBRepoClient...
2024-04-01 17:46:15,719 [1] INFO mpp_c_app1.Program - Logger-ul a fost ini?ializat cu succes.
2024-04-01 17:46:17,166 [1] INFO DBRepoArtist - findAll method called.
2024-04-01 17:46:17,210 [1] INFO DBRepoArtist - Found 2 artists
2024-04-01 17:46:17,211 [1] INFO DBRepoSpectacol - FindAll method called.
2024-04-01 17:46:17,213 [1] INFO DBRepoBilet - findAll method called.
2024-04-01 17:46:17,215 [1] INFO DBRepoBilet - findAll method called.
2024-04-01 17:46:17,215 [1] INFO DBRepoSpectacol - FindAll method called.
2024-04-01 17:46:17,216 [1] INFO DBRepoBilet - findAll method called.
2024-04-01 17:48:27,835 [1] INFO DBRepoPersoana - Initializing DBRepoPersoana...
2024-04-01 17:48:27,859 [1] INFO DBRepoArtist - Initializing DBRepoArtist...
2024-04-01 17:48:27,859 [1] INFO DBRepoBilet - Initializing DBRepoBilet...
2024-04-01 17:48:27,860 [1] INFO DBRepoSpectacol - Initializing DBRepoSpectacol...
2024-04-01 17:48:27,860 [1] INFO DBRepoArtist - Initializing DBRepoArtist...
2024-04-01 17:48:27,860 [1] INFO DBRepoClient - Initializing DBRepoClient...
2024-04-01 17:48:27,863 [1] INFO mpp_c_app1.Program - Logger-ul a fost ini?ializat cu succes.
2024-04-01 17:48:29,450 [1] INFO DBRepoArtist - findAll method called.
2024-04-01 17:48:29,490 [1] INFO DBRepoArtist - Found 2 artists
2024-04-01 17:48:29,490 [1] INFO DBRepoSpectacol - FindAll method called.
2024-04-01 17:48:29,492 [1] INFO DBRepoBilet - findAll method called.
2024-04-01 17:48:29,493 [1] INFO DBRepoBilet - findAll method called.
2024-04-01 17:48:29,494 [1] INFO DBRepoSpectacol - FindAll method called.
2024-04-01 17:48:29,495 [1] INFO DBRepoBilet - findAll method called.
2024-04-02 12:46:04,843 [1] INFO DBRepoPersoana - Initializing DBRepoPersoana...
2024-04-02 12:46:04,880 [1] INFO DBRepoArtist - Initializing DBRepoArtist...
2024-04-02 12:46:04,880 [1] INFO DBRepoBilet - Initializing DBRepoBilet...
2024-04-02 12:46:04,880 [1] INFO DBRepoSpectacol - Initializing DBRepoSpectacol...
2024-04-02 12:46:04,880 [1] INFO DBRepoArtist - Initializing DBRepoArtist...
2024-04-02 12:46:04,880 [1] INFO DBRepoClient - Initializing DBRepoClient...
2024-04-02 12:46:04,885 [1] INFO mpp_c_app1.Program - Logger-ul a fost ini?ializat cu succes.
2024-04-02 12:46:11,573 [1] INFO DBRepoArtist - findAll method called.
2024-04-02 12:46:11,690 [1] INFO DBRepoArtist - Found 2 artists
2024-04-02 12:46:11,691 [1] INFO DBRepoSpectacol - FindAll method called.
2024-04-02 12:46:11,696 [1] INFO DBRepoBilet - findAll method called.
2024-04-02 12:46:11,698 [1] INFO DBRepoBilet - findAll method called.
2024-04-02 12:46:11,699 [1] INFO DBRepoSpectacol - FindAll method called.
2024-04-02 12:46:11,700 [1] INFO DBRepoBilet - findAll method called.
2024-04-02 12:47:14,701 [1] INFO DBRepoPersoana - Initializing DBRepoPersoana...
2024-04-02 12:47:14,732 [1] INFO DBRepoArtist - Initializing DBRepoArtist...
2024-04-02 12:47:14,732 [1] INFO DBRepoBilet - Initializing DBRepoBilet...
2024-04-02 12:47:14,733 [1] INFO DBRepoSpectacol - Initializing DBRepoSpectacol...
2024-04-02 12:47:14,733 [1] INFO DBRepoArtist - Initializing DBRepoArtist...
2024-04-02 12:47:14,733 [1] INFO DBRepoClient - Initializing DBRepoClient...
2024-04-02 12:47:14,736 [1] INFO mpp_c_app1.Program - Logger-ul a fost ini?ializat cu succes.
2024-04-02 12:47:16,335 [1] INFO DBRepoArtist - findAll method called.
2024-04-02 12:47:16,379 [1] INFO DBRepoArtist - Found 2 artists
2024-04-02 12:47:16,380 [1] INFO DBRepoSpectacol - FindAll method called.
2024-04-02 12:47:16,383 [1] INFO DBRepoBilet - findAll method called.
2024-04-02 12:47:16,385 [1] INFO DBRepoBilet - findAll method called.
2024-04-02 12:47:16,386 [1] INFO DBRepoSpectacol - FindAll method called.
2024-04-02 12:47:16,386 [1] INFO DBRepoBilet - findAll method called.
2024-04-02 12:47:41,682 [1] INFO DBRepoPersoana - Initializing DBRepoPersoana...
2024-04-02 12:47:41,714 [1] INFO DBRepoArtist - Initializing DBRepoArtist...
2024-04-02 12:47:41,714 [1] INFO DBRepoBilet - Initializing DBRepoBilet...
2024-04-02 12:47:41,714 [1] INFO DBRepoSpectacol - Initializing DBRepoSpectacol...
2024-04-02 12:47:41,714 [1] INFO DBRepoArtist - Initializing DBRepoArtist...
2024-04-02 12:47:41,714 [1] INFO DBRepoClient - Initializing DBRepoClient...
2024-04-02 12:47:41,717 [1] INFO mpp_c_app1.Program - Logger-ul a fost ini?ializat cu succes.
2024-04-02 12:47:43,463 [1] INFO DBRepoArtist - findAll method called.
2024-04-02 12:47:43,511 [1] INFO DBRepoArtist - Found 2 artists
2024-04-02 12:47:43,512 [1] INFO DBRepoSpectacol - FindAll method called.
2024-04-02 12:47:43,514 [1] INFO DBRepoBilet - findAll method called.
2024-04-02 12:47:43,515 [1] INFO DBRepoBilet - findAll method called.
2024-04-02 12:47:43,516 [1] INFO DBRepoSpectacol - FindAll method called.
2024-04-02 12:47:43,516 [1] INFO DBRepoBilet - findAll method called.
2024-04-02 12:55:31,601 [1] INFO DBRepoPersoana - Initializing DBRepoPersoana...
2024-04-02 12:55:31,641 [1] INFO DBRepoArtist - Initializing DBRepoArtist...
2024-04-02 12:55:31,641 [1] INFO DBRepoBilet - Initializing DBRepoBilet...
2024-04-02 12:55:31,641 [1] INFO DBRepoSpectacol - Initializing DBRepoSpectacol...
2024-04-02 12:55:31,641 [1] INFO DBRepoArtist - Initializing DBRepoArtist...
2024-04-02 12:55:31,641 [1] INFO DBRepoClient - Initializing DBRepoClient...
2024-04-02 12:55:31,673 [1] INFO mpp_c_app1.Program - Logger-ul a fost ini?ializat cu succes.
2024-04-02 12:55:44,612 [1] INFO DBRepoArtist - findAll method called.
2024-04-02 12:55:44,697 [1] INFO DBRepoArtist - Found 2 artists
2024-04-02 12:55:44,698 [1] INFO DBRepoSpectacol - FindAll method called.
2024-04-02 12:55:44,704 [1] INFO DBRepoBilet - findAll method called.
2024-04-02 12:55:44,707 [1] INFO DBRepoBilet - findAll method called.
2024-04-02 12:55:44,709 [1] INFO DBRepoSpectacol - FindAll method called.
2024-04-02 12:55:44,710 [1] INFO DBRepoBilet - findAll method called.
2024-04-02 13:02:52,054 [1] INFO DBRepoPersoana - Initializing DBRepoPersoana...
2024-04-02 13:02:52,084 [1] INFO DBRepoArtist - Initializing DBRepoArtist...
2024-04-02 13:02:52,085 [1] INFO DBRepoBilet - Initializing DBRepoBilet...
2024-04-02 13:02:52,085 [1] INFO DBRepoSpectacol - Initializing DBRepoSpectacol...
2024-04-02 13:02:52,085 [1] INFO DBRepoArtist - Initializing DBRepoArtist...
2024-04-02 13:02:52,085 [1] INFO DBRepoClient - Initializing DBRepoClient...
2024-04-02 13:02:52,088 [1] INFO mpp_c_app1.Program - Logger-ul a fost ini?ializat cu succes.
2024-04-02 13:03:13,597 [1] INFO DBRepoPersoana - Initializing DBRepoPersoana...
2024-04-02 13:03:13,631 [1] INFO DBRepoArtist - Initializing DBRepoArtist...
2024-04-02 13:03:13,631 [1] INFO DBRepoBilet - Initializing DBRepoBilet...
2024-04-02 13:03:13,631 [1] INFO DBRepoSpectacol - Initializing DBRepoSpectacol...
2024-04-02 13:03:13,631 [1] INFO DBRepoArtist - Initializing DBRepoArtist...
2024-04-02 13:03:13,631 [1] INFO DBRepoClient - Initializing DBRepoClient...
2024-04-02 13:03:13,634 [1] INFO mpp_c_app1.Program - Logger-ul a fost ini?ializat cu succes.
2024-04-02 13:03:20,198 [1] INFO DBRepoArtist - findAll method called.
2024-04-02 13:03:20,333 [1] INFO DBRepoArtist - Found 2 artists
2024-04-02 13:03:20,333 [1] INFO DBRepoSpectacol - FindAll method called.
2024-04-02 13:03:20,336 [1] INFO DBRepoSpectacol - FindAll method called.
2024-04-02 13:03:25,983 [1] INFO DBRepoArtist - findAll method called.
2024-04-02 13:03:25,984 [1] INFO DBRepoArtist - Found 2 artists
2024-04-02 13:03:25,984 [1] INFO DBRepoSpectacol - FindAll method called.
2024-04-02 13:03:25,985 [1] INFO DBRepoSpectacol - FindAll method called.
2024-04-02 13:03:31,156 [1] INFO DBRepoArtist - findAll method called.
2024-04-02 13:03:31,157 [1] INFO DBRepoArtist - Found 2 artists
2024-04-02 13:03:31,157 [1] INFO DBRepoSpectacol - FindAll method called.
2024-04-02 13:03:31,158 [1] INFO DBRepoSpectacol - FindAll method called.
2024-04-02 13:03:33,496 [1] INFO DBRepoArtist - findAll method called.
2024-04-02 13:03:33,498 [1] INFO DBRepoArtist - Found 2 artists
2024-04-02 13:03:33,498 [1] INFO DBRepoSpectacol - FindAll method called.
2024-04-02 13:03:33,499 [1] INFO DBRepoSpectacol - FindAll method called.
2024-04-02 13:03:37,476 [1] INFO DBRepoArtist - findAll method called.
2024-04-02 13:03:37,477 [1] INFO DBRepoArtist - Found 2 artists
2024-04-02 13:03:37,477 [1] INFO DBRepoSpectacol - FindAll method called.
2024-04-02 13:03:37,478 [1] INFO DBRepoSpectacol - FindAll method called.
2024-04-02 13:03:45,466 [1] INFO DBRepoArtist - findAll method called.
2024-04-02 13:03:45,467 [1] INFO DBRepoArtist - Found 2 artists
2024-04-02 13:03:45,467 [1] INFO DBRepoSpectacol - FindAll method called.
2024-04-02 13:03:45,469 [1] INFO DBRepoBilet - findAll method called.
2024-04-02 13:03:45,471 [1] INFO DBRepoBilet - findAll method called.
2024-04-02 13:03:45,472 [1] INFO DBRepoSpectacol - FindAll method called.
2024-04-02 13:03:45,473 [1] INFO DBRepoBilet - findAll method called.
2024-04-02 13:03:52,777 [1] INFO DBRepoArtist - findAll method called.
2024-04-02 13:03:52,778 [1] INFO DBRepoArtist - Found 2 artists
2024-04-02 13:03:52,778 [1] INFO DBRepoSpectacol - FindAll method called.
2024-04-02 13:03:52,779 [1] INFO DBRepoSpectacol - FindAll method called.
2024-04-02 13:04:11,682 [1] INFO DBRepoArtist - findAll method called.
2024-04-02 13:04:11,684 [1] INFO DBRepoArtist - Found 2 artists
2024-04-02 13:04:11,684 [1] INFO DBRepoSpectacol - FindAll method called.
2024-04-02 13:04:11,686 [1] INFO DBRepoSpectacol - FindAll method called.
2024-04-02 13:04:13,197 [1] INFO DBRepoArtist - findAll method called.
2024-04-02 13:04:13,198 [1] INFO DBRepoArtist - Found 2 artists
2024-04-02 13:04:13,198 [1] INFO DBRepoSpectacol - FindAll method called.
2024-04-02 13:04:13,200 [1] INFO DBRepoSpectacol - FindAll method called.
2024-04-02 13:04:37,635 [1] INFO DBRepoPersoana - Initializing DBRepoPersoana...
2024-04-02 13:04:37,667 [1] INFO DBRepoArtist - Initializing DBRepoArtist...
2024-04-02 13:04:37,667 [1] INFO DBRepoBilet - Initializing DBRepoBilet...
2024-04-02 13:04:37,668 [1] INFO DBRepoSpectacol - Initializing DBRepoSpectacol...
2024-04-02 13:04:37,668 [1] INFO DBRepoArtist - Initializing DBRepoArtist...
2024-04-02 13:04:37,668 [1] INFO DBRepoClient - Initializing DBRepoClient...
2024-04-02 13:04:37,671 [1] INFO mpp_c_app1.Program - Logger-ul a fost ini?ializat cu succes.
2024-04-02 13:04:46,279 [1] INFO DBRepoArtist - findAll method called.
2024-04-02 13:04:46,330 [1] INFO DBRepoArtist - Found 2 artists
2024-04-02 13:04:46,331 [1] INFO DBRepoSpectacol - FindAll method called.
2024-04-02 13:04:46,333 [1] INFO DBRepoSpectacol - FindAll method called.
2024-04-02 13:04:47,506 [1] INFO DBRepoArtist - findAll method called.
2024-04-02 13:04:47,508 [1] INFO DBRepoArtist - Found 2 artists
2024-04-02 13:04:47,508 [1] INFO DBRepoSpectacol - FindAll method called.
2024-04-02 13:04:47,511 [1] INFO DBRepoSpectacol - FindAll method called.
2024-04-02 13:04:48,760 [1] INFO DBRepoArtist - findAll method called.
2024-04-02 13:04:48,762 [1] INFO DBRepoArtist - Found 2 artists
2024-04-02 13:04:48,762 [1] INFO DBRepoSpectacol - FindAll method called.
2024-04-02 13:04:48,764 [1] INFO DBRepoSpectacol - FindAll method called.
2024-04-02 13:04:56,249 [1] INFO DBRepoArtist - findAll method called.
2024-04-02 13:04:56,251 [1] INFO DBRepoArtist - Found 2 artists
2024-04-02 13:04:56,251 [1] INFO DBRepoSpectacol - FindAll method called.
2024-04-02 13:04:56,252 [1] INFO DBRepoSpectacol - FindAll method called.
2024-04-02 13:04:57,634 [1] INFO DBRepoArtist - findAll method called.
2024-04-02 13:04:57,636 [1] INFO DBRepoArtist - Found 2 artists
2024-04-02 13:04:57,636 [1] INFO DBRepoSpectacol - FindAll method called.
2024-04-02 13:04:57,637 [1] INFO DBRepoSpectacol - FindAll method called.
2024-04-02 13:05:00,317 [1] INFO DBRepoArtist - findAll method called.
2024-04-02 13:05:00,319 [1] INFO DBRepoArtist - Found 2 artists
2024-04-02 13:05:00,319 [1] INFO DBRepoSpectacol - FindAll method called.
2024-04-02 13:05:00,322 [1] INFO DBRepoBilet - findAll method called.
2024-04-02 13:05:00,324 [1] INFO DBRepoBilet - findAll method called.
2024-04-02 13:05:00,325 [1] INFO DBRepoSpectacol - FindAll method called.
2024-04-02 13:05:00,326 [1] INFO DBRepoBilet - findAll method called.
2024-04-02 13:07:00,718 [1] INFO DBRepoPersoana - Initializing DBRepoPersoana...
2024-04-02 13:07:00,749 [1] INFO DBRepoArtist - Initializing DBRepoArtist...
2024-04-02 13:07:00,749 [1] INFO DBRepoBilet - Initializing DBRepoBilet...
2024-04-02 13:07:00,749 [1] INFO DBRepoSpectacol - Initializing DBRepoSpectacol...
2024-04-02 13:07:00,749 [1] INFO DBRepoArtist - Initializing DBRepoArtist...
2024-04-02 13:07:00,749 [1] INFO DBRepoClient - Initializing DBRepoClient...
2024-04-02 13:07:00,753 [1] INFO mpp_c_app1.Program - Logger-ul a fost ini?ializat cu succes.
2024-04-02 13:07:19,528 [1] INFO DBRepoArtist - findAll method called.
2024-04-02 13:07:19,577 [1] INFO DBRepoArtist - Found 2 artists
2024-04-02 13:07:19,578 [1] INFO DBRepoSpectacol - FindAll method called.
2024-04-02 13:07:19,580 [1] INFO DBRepoBilet - findAll method called.
2024-04-02 13:07:19,581 [1] INFO DBRepoBilet - findAll method called.
2024-04-02 13:07:19,582 [1] INFO DBRepoSpectacol - FindAll method called.
2024-04-02 13:07:19,582 [1] INFO DBRepoBilet - findAll method called.
2024-04-02 13:07:27,042 [1] INFO DBRepoArtist - findAll method called.
2024-04-02 13:07:27,044 [1] INFO DBRepoArtist - Found 2 artists
2024-04-02 13:07:27,044 [1] INFO DBRepoSpectacol - FindAll method called.
2024-04-02 13:07:27,045 [1] INFO DBRepoSpectacol - FindAll method called.
2024-04-02 13:07:28,735 [1] INFO DBRepoArtist - findAll method called.
2024-04-02 13:07:28,737 [1] INFO DBRepoArtist - Found 2 artists
2024-04-02 13:07:28,737 [1] INFO DBRepoSpectacol - FindAll method called.
2024-04-02 13:07:28,738 [1] INFO DBRepoSpectacol - FindAll method called.
2024-04-02 13:07:30,263 [1] INFO DBRepoArtist - findAll method called.
2024-04-02 13:07:30,265 [1] INFO DBRepoArtist - Found 2 artists
2024-04-02 13:07:30,265 [1] INFO DBRepoSpectacol - FindAll method called.
2024-04-02 13:07:30,267 [1] INFO DBRepoSpectacol - FindAll method called.
2024-04-02 13:07:35,290 [1] INFO DBRepoArtist - findAll method called.
2024-04-02 13:07:35,292 [1] INFO DBRepoArtist - Found 2 artists
2024-04-02 13:07:35,292 [1] INFO DBRepoSpectacol - FindAll method called.
2024-04-02 13:07:35,293 [1] INFO DBRepoBilet - findAll method called.
2024-04-02 13:07:35,294 [1] INFO DBRepoBilet - findAll method called.
2024-04-02 13:07:35,295 [1] INFO DBRepoSpectacol - FindAll method called.
2024-04-02 13:07:35,296 [1] INFO DBRepoBilet - findAll method called.
2024-04-02 13:07:47,178 [1] INFO DBRepoArtist - findAll method called.
2024-04-02 13:07:47,180 [1] INFO DBRepoArtist - Found 2 artists
2024-04-02 13:07:47,180 [1] INFO DBRepoSpectacol - FindAll method called.
2024-04-02 13:07:47,181 [1] INFO DBRepoSpectacol - FindAll method called.
2024-04-02 13:08:26,019 [1] INFO DBRepoPersoana - Initializing DBRepoPersoana...
2024-04-02 13:08:26,051 [1] INFO DBRepoArtist - Initializing DBRepoArtist...
2024-04-02 13:08:26,051 [1] INFO DBRepoBilet - Initializing DBRepoBilet...
2024-04-02 13:08:26,051 [1] INFO DBRepoSpectacol - Initializing DBRepoSpectacol...
2024-04-02 13:08:26,051 [1] INFO DBRepoArtist - Initializing DBRepoArtist...
2024-04-02 13:08:26,051 [1] INFO DBRepoClient - Initializing DBRepoClient...
2024-04-02 13:08:26,055 [1] INFO mpp_c_app1.Program - Logger-ul a fost ini?ializat cu succes.
2024-04-02 13:08:27,620 [1] INFO DBRepoArtist - findAll method called.
2024-04-02 13:08:27,670 [1] INFO DBRepoArtist - Found 2 artists
2024-04-02 13:08:27,671 [1] INFO DBRepoSpectacol - FindAll method called.
2024-04-02 13:08:27,673 [1] INFO DBRepoBilet - findAll method called.
2024-04-02 13:08:27,674 [1] INFO DBRepoBilet - findAll method called.
2024-04-02 13:08:27,675 [1] INFO DBRepoSpectacol - FindAll method called.
2024-04-02 13:08:27,675 [1] INFO DBRepoBilet - findAll method called.
2024-04-02 13:08:31,087 [1] INFO DBRepoArtist - findAll method called.
2024-04-02 13:08:31,088 [1] INFO DBRepoArtist - Found 2 artists
2024-04-02 13:08:31,088 [1] INFO DBRepoSpectacol - FindAll method called.
2024-04-02 13:08:31,089 [1] INFO DBRepoSpectacol - FindAll method called.
2024-04-02 13:08:35,429 [1] INFO DBRepoArtist - findAll method called.
2024-04-02 13:08:35,430 [1] INFO DBRepoArtist - Found 2 artists
2024-04-02 13:08:35,430 [1] INFO DBRepoSpectacol - FindAll method called.
2024-04-02 13:08:35,432 [1] INFO DBRepoSpectacol - FindAll method called.
2024-04-02 13:08:36,840 [1] INFO DBRepoArtist - findAll method called.
2024-04-02 13:08:36,842 [1] INFO DBRepoArtist - Found 2 artists
2024-04-02 13:08:36,842 [1] INFO DBRepoSpectacol - FindAll method called.
2024-04-02 13:08:36,843 [1] INFO DBRepoBilet - findAll method called.
2024-04-02 13:08:36,844 [1] INFO DBRepoBilet - findAll method called.
2024-04-02 13:08:36,845 [1] INFO DBRepoSpectacol - FindAll method called.
2024-04-02 13:08:36,846 [1] INFO DBRepoBilet - findAll method called.
2024-04-02 13:08:41,008 [1] INFO DBRepoArtist - findAll method called.
2024-04-02 13:08:41,010 [1] INFO DBRepoArtist - Found 2 artists
2024-04-02 13:08:41,010 [1] INFO DBRepoSpectacol - FindAll method called.
2024-04-02 13:08:41,011 [1] INFO DBRepoSpectacol - FindAll method called.
2024-04-02 13:09:26,267 [1] INFO DBRepoPersoana - Initializing DBRepoPersoana...
2024-04-02 13:09:26,301 [1] INFO DBRepoArtist - Initializing DBRepoArtist...
2024-04-02 13:09:26,301 [1] INFO DBRepoBilet - Initializing DBRepoBilet...
2024-04-02 13:09:26,301 [1] INFO DBRepoSpectacol - Initializing DBRepoSpectacol...
2024-04-02 13:09:26,302 [1] INFO DBRepoArtist - Initializing DBRepoArtist...
2024-04-02 13:09:26,302 [1] INFO DBRepoClient - Initializing DBRepoClient...
2024-04-02 13:09:26,306 [1] INFO mpp_c_app1.Program - Logger-ul a fost ini?ializat cu succes.
2024-04-02 13:09:29,501 [1] INFO DBRepoArtist - findAll method called.
2024-04-02 13:09:29,553 [1] INFO DBRepoArtist - Found 2 artists
2024-04-02 13:09:29,554 [1] INFO DBRepoSpectacol - FindAll method called.
2024-04-02 13:09:29,556 [1] INFO DBRepoBilet - findAll method called.
2024-04-02 13:09:29,558 [1] INFO DBRepoBilet - findAll method called.
2024-04-02 13:09:29,558 [1] INFO DBRepoSpectacol - FindAll method called.
2024-04-02 13:09:29,559 [1] INFO DBRepoBilet - findAll method called.
2024-04-02 13:09:36,852 [1] INFO DBRepoArtist - findAll method called.
2024-04-02 13:09:36,853 [1] INFO DBRepoArtist - Found 2 artists
2024-04-02 13:09:36,853 [1] INFO DBRepoSpectacol - FindAll method called.
2024-04-02 13:09:36,854 [1] INFO DBRepoSpectacol - FindAll method called.
2024-04-02 13:09:39,295 [1] INFO DBRepoArtist - findAll method called.
2024-04-02 13:09:39,297 [1] INFO DBRepoArtist - Found 2 artists
2024-04-02 13:09:39,297 [1] INFO DBRepoSpectacol - FindAll method called.
2024-04-02 13:09:39,298 [1] INFO DBRepoSpectacol - FindAll method called.
2024-04-02 13:09:41,134 [1] INFO DBRepoArtist - findAll method called.
2024-04-02 13:09:41,136 [1] INFO DBRepoArtist - Found 2 artists
2024-04-02 13:09:41,136 [1] INFO DBRepoSpectacol - FindAll method called.
2024-04-02 13:09:41,138 [1] INFO DBRepoBilet - findAll method called.
2024-04-02 13:09:41,139 [1] INFO DBRepoBilet - findAll method called.
2024-04-02 13:09:41,140 [1] INFO DBRepoSpectacol - FindAll method called.
2024-04-02 13:09:41,141 [1] INFO DBRepoBilet - findAll method called.
2024-04-02 13:09:44,129 [1] INFO DBRepoArtist - findAll method called.
2024-04-02 13:09:44,130 [1] INFO DBRepoArtist - Found 2 artists
2024-04-02 13:09:44,130 [1] INFO DBRepoSpectacol - FindAll method called.
2024-04-02 13:09:44,131 [1] INFO DBRepoSpectacol - FindAll method called.
2024-04-02 13:09:46,683 [1] INFO DBRepoArtist - findAll method called.
2024-04-02 13:09:46,685 [1] INFO DBRepoArtist - Found 2 artists
2024-04-02 13:09:46,685 [1] INFO DBRepoSpectacol - FindAll method called.
2024-04-02 13:09:46,686 [1] INFO DBRepoBilet - findAll method called.
2024-04-02 13:09:46,687 [1] INFO DBRepoBilet - findAll method called.
2024-04-02 13:09:46,688 [1] INFO DBRepoSpectacol - FindAll method called.
2024-04-02 13:09:46,689 [1] INFO DBRepoBilet - findAll method called.
2024-04-02 13:18:09,298 [1] INFO DBRepoPersoana - Initializing DBRepoPersoana...
2024-04-02 13:18:09,327 [1] INFO DBRepoArtist - Initializing DBRepoArtist...
2024-04-02 13:18:09,327 [1] INFO DBRepoBilet - Initializing DBRepoBilet...
2024-04-02 13:18:09,327 [1] INFO DBRepoSpectacol - Initializing DBRepoSpectacol...
2024-04-02 13:18:09,327 [1] INFO DBRepoArtist - Initializing DBRepoArtist...
2024-04-02 13:18:09,327 [1] INFO DBRepoClient - Initializing DBRepoClient...
2024-04-02 13:18:09,331 [1] INFO mpp_c_app1.Program - Logger-ul a fost ini?ializat cu succes.
2024-04-02 13:18:11,012 [1] INFO DBRepoArtist - findAll method called.
2024-04-02 13:18:11,058 [1] INFO DBRepoArtist - Found 2 artists
2024-04-02 13:18:11,058 [1] INFO DBRepoSpectacol - FindAll method called.
2024-04-02 13:18:11,061 [1] INFO DBRepoBilet - findAll method called.
2024-04-02 13:18:11,062 [1] INFO DBRepoBilet - findAll method called.
2024-04-02 13:18:11,062 [1] INFO DBRepoSpectacol - FindAll method called.
2024-04-02 13:18:11,063 [1] INFO DBRepoBilet - findAll method called.
2024-04-02 13:18:23,984 [1] INFO DBRepoArtist - findAll method called.
2024-04-02 13:18:23,986 [1] INFO DBRepoArtist - Found 2 artists
2024-04-02 13:18:23,986 [1] INFO DBRepoSpectacol - FindAll method called.
2024-04-02 13:18:23,987 [1] INFO DBRepoSpectacol - FindAll method called.
2024-04-02 13:18:36,699 [1] INFO DBRepoArtist - findAll method called.
2024-04-02 13:18:36,701 [1] INFO DBRepoArtist - Found 2 artists
2024-04-02 13:18:36,701 [1] INFO DBRepoSpectacol - FindAll method called.
2024-04-02 13:18:36,702 [1] INFO DBRepoSpectacol - FindAll method called.
2024-04-02 13:19:31,976 [1] INFO DBRepoPersoana - Initializing DBRepoPersoana...
2024-04-02 13:19:32,013 [1] INFO DBRepoArtist - Initializing DBRepoArtist...
2024-04-02 13:19:32,013 [1] INFO DBRepoBilet - Initializing DBRepoBilet...
2024-04-02 13:19:32,014 [1] INFO DBRepoSpectacol - Initializing DBRepoSpectacol...
2024-04-02 13:19:32,014 [1] INFO DBRepoArtist - Initializing DBRepoArtist...
2024-04-02 13:19:32,014 [1] INFO DBRepoClient - Initializing DBRepoClient...
2024-04-02 13:19:32,052 [1] INFO mpp_c_app1.Program - Logger-ul a fost ini?ializat cu succes.
2024-04-02 13:19:36,842 [1] INFO DBRepoArtist - findAll method called.
2024-04-02 13:19:36,941 [1] INFO DBRepoArtist - Found 2 artists
2024-04-02 13:19:36,942 [1] INFO DBRepoSpectacol - FindAll method called.
2024-04-02 13:19:36,948 [1] INFO DBRepoBilet - findAll method called.
2024-04-02 13:19:36,952 [1] INFO DBRepoBilet - findAll method called.
2024-04-02 13:19:36,953 [1] INFO DBRepoSpectacol - FindAll method called.
2024-04-02 13:19:36,956 [1] INFO DBRepoBilet - findAll method called.
2024-04-02 13:19:56,163 [1] INFO DBRepoArtist - findAll method called.
2024-04-02 13:19:56,164 [1] INFO DBRepoArtist - Found 2 artists
2024-04-02 13:19:56,164 [1] INFO DBRepoSpectacol - FindAll method called.
2024-04-02 13:19:56,166 [1] INFO DBRepoSpectacol - FindAll method called.
2024-04-02 13:24:04,676 [1] INFO DBRepoPersoana - Initializing DBRepoPersoana...
2024-04-02 13:24:04,708 [1] INFO DBRepoArtist - Initializing DBRepoArtist...
2024-04-02 13:24:04,708 [1] INFO DBRepoBilet - Initializing DBRepoBilet...
2024-04-02 13:24:04,708 [1] INFO DBRepoSpectacol - Initializing DBRepoSpectacol...
2024-04-02 13:24:04,708 [1] INFO DBRepoArtist - Initializing DBRepoArtist...
2024-04-02 13:24:04,708 [1] INFO DBRepoClient - Initializing DBRepoClient...
2024-04-02 13:24:04,712 [1] INFO mpp_c_app1.Program - Logger-ul a fost ini?ializat cu succes.
2024-04-02 13:26:18,746 [1] INFO DBRepoPersoana - Initializing DBRepoPersoana...
2024-04-02 13:26:18,777 [1] INFO DBRepoArtist - Initializing DBRepoArtist...
2024-04-02 13:26:18,777 [1] INFO DBRepoBilet - Initializing DBRepoBilet...
2024-04-02 13:26:18,777 [1] INFO DBRepoSpectacol - Initializing DBRepoSpectacol...
2024-04-02 13:26:18,778 [1] INFO DBRepoArtist - Initializing DBRepoArtist...
2024-04-02 13:26:18,778 [1] INFO DBRepoClient - Initializing DBRepoClient...
2024-04-02 13:26:18,781 [1] INFO mpp_c_app1.Program - Logger-ul a fost ini?ializat cu succes.
2024-04-02 13:26:20,380 [1] INFO DBRepoArtist - findAll method called.
2024-04-02 13:26:20,423 [1] INFO DBRepoArtist - Found 2 artists
2024-04-02 13:26:20,423 [1] INFO DBRepoSpectacol - FindAll method called.
2024-04-02 13:26:20,426 [1] INFO DBRepoBilet - findAll method called.
2024-04-02 13:26:20,427 [1] INFO DBRepoBilet - findAll method called.
2024-04-02 13:26:20,428 [1] INFO DBRepoSpectacol - FindAll method called.
2024-04-02 13:26:20,428 [1] INFO DBRepoBilet - findAll method called.
2024-04-02 13:26:35,368 [1] INFO DBRepoArtist - findAll method called.
2024-04-02 13:26:35,368 [1] INFO DBRepoArtist - Found 2 artists
2024-04-02 13:26:35,369 [1] INFO DBRepoSpectacol - FindAll method called.
2024-04-02 13:26:35,369 [1] INFO DBRepoSpectacol - FindAll method called.
2024-04-02 13:26:40,733 [1] INFO DBRepoArtist - findAll method called.
2024-04-02 13:26:40,735 [1] INFO DBRepoArtist - Found 2 artists
2024-04-02 13:26:40,735 [1] INFO DBRepoSpectacol - FindAll method called.
2024-04-02 13:26:40,736 [1] INFO DBRepoSpectacol - FindAll method called.
2024-04-02 13:26:40,855 [1] INFO DBRepoArtist - findAll method called.
2024-04-02 13:26:40,857 [1] INFO DBRepoArtist - Found 2 artists
2024-04-02 13:26:40,857 [1] INFO DBRepoSpectacol - FindAll method called.
2024-04-02 13:26:40,858 [1] INFO DBRepoSpectacol - FindAll method called.
2024-04-02 13:27:10,710 [1] INFO DBRepoPersoana - Initializing DBRepoPersoana...
2024-04-02 13:27:10,740 [1] INFO DBRepoArtist - Initializing DBRepoArtist...
2024-04-02 13:27:10,740 [1] INFO DBRepoBilet - Initializing DBRepoBilet...
2024-04-02 13:27:10,740 [1] INFO DBRepoSpectacol - Initializing DBRepoSpectacol...
2024-04-02 13:27:10,740 [1] INFO DBRepoArtist - Initializing DBRepoArtist...
2024-04-02 13:27:10,741 [1] INFO DBRepoClient - Initializing DBRepoClient...
2024-04-02 13:27:10,745 [1] INFO mpp_c_app1.Program - Logger-ul a fost ini?ializat cu succes.
2024-04-02 13:27:12,009 [1] INFO DBRepoArtist - findAll method called.
2024-04-02 13:27:12,067 [1] INFO DBRepoArtist - Found 2 artists
2024-04-02 13:27:12,068 [1] INFO DBRepoSpectacol - FindAll method called.
2024-04-02 13:27:12,071 [1] INFO DBRepoBilet - findAll method called.
2024-04-02 13:27:12,073 [1] INFO DBRepoBilet - findAll method called.
2024-04-02 13:27:12,073 [1] INFO DBRepoSpectacol - FindAll method called.
2024-04-02 13:27:12,074 [1] INFO DBRepoBilet - findAll method called.
2024-04-02 13:30:25,617 [1] INFO DBRepoPersoana - Initializing DBRepoPersoana...
2024-04-02 13:30:25,647 [1] INFO DBRepoArtist - Initializing DBRepoArtist...
2024-04-02 13:30:25,647 [1] INFO DBRepoBilet - Initializing DBRepoBilet...
2024-04-02 13:30:25,647 [1] INFO DBRepoSpectacol - Initializing DBRepoSpectacol...
2024-04-02 13:30:25,647 [1] INFO DBRepoArtist - Initializing DBRepoArtist...
2024-04-02 13:30:25,647 [1] INFO DBRepoClient - Initializing DBRepoClient...
2024-04-02 13:30:25,651 [1] INFO mpp_c_app1.Program - Logger-ul a fost ini?ializat cu succes.
2024-04-02 13:30:27,262 [1] INFO DBRepoArtist - findAll method called.
2024-04-02 13:30:27,313 [1] INFO DBRepoArtist - Found 2 artists
2024-04-02 13:30:27,313 [1] INFO DBRepoSpectacol - FindAll method called.
2024-04-02 13:30:27,315 [1] INFO DBRepoBilet - findAll method called.
2024-04-02 13:30:27,317 [1] INFO DBRepoBilet - findAll method called.
2024-04-02 13:30:27,317 [1] INFO DBRepoSpectacol - FindAll method called.
2024-04-02 13:30:27,318 [1] INFO DBRepoBilet - findAll method called.
2024-04-02 13:31:02,762 [1] INFO DBRepoPersoana - Initializing DBRepoPersoana...
2024-04-02 13:31:02,791 [1] INFO DBRepoArtist - Initializing DBRepoArtist...
2024-04-02 13:31:02,791 [1] INFO DBRepoBilet - Initializing DBRepoBilet...
2024-04-02 13:31:02,791 [1] INFO DBRepoSpectacol - Initializing DBRepoSpectacol...
2024-04-02 13:31:02,791 [1] INFO DBRepoArtist - Initializing DBRepoArtist...
2024-04-02 13:31:02,791 [1] INFO DBRepoClient - Initializing DBRepoClient...
2024-04-02 13:31:02,794 [1] INFO mpp_c_app1.Program - Logger-ul a fost ini?ializat cu succes.
2024-04-02 13:31:04,600 [1] INFO DBRepoArtist - findAll method called.
2024-04-02 13:31:04,642 [1] INFO DBRepoArtist - Found 2 artists
2024-04-02 13:31:04,644 [1] INFO DBRepoSpectacol - FindAll method called.
2024-04-02 13:31:04,646 [1] INFO DBRepoBilet - findAll method called.
2024-04-02 13:31:04,647 [1] INFO DBRepoBilet - findAll method called.
2024-04-02 13:31:04,648 [1] INFO DBRepoSpectacol - FindAll method called.
2024-04-02 13:31:04,648 [1] INFO DBRepoBilet - findAll method called.
2024-04-02 13:34:09,387 [1] INFO DBRepoPersoana - Initializing DBRepoPersoana...
2024-04-02 13:34:09,417 [1] INFO DBRepoArtist - Initializing DBRepoArtist...
2024-04-02 13:34:09,418 [1] INFO DBRepoBilet - Initializing DBRepoBilet...
2024-04-02 13:34:09,418 [1] INFO DBRepoSpectacol - Initializing DBRepoSpectacol...
2024-04-02 13:34:09,418 [1] INFO DBRepoArtist - Initializing DBRepoArtist...
2024-04-02 13:34:09,418 [1] INFO DBRepoClient - Initializing DBRepoClient...
2024-04-02 13:34:09,422 [1] INFO mpp_c_app1.Program - Logger-ul a fost ini?ializat cu succes.
2024-04-02 13:34:10,982 [1] INFO DBRepoArtist - findAll method called.
2024-04-02 13:34:11,047 [1] INFO DBRepoArtist - Found 2 artists
2024-04-02 13:34:11,047 [1] INFO DBRepoSpectacol - FindAll method called.
2024-04-02 13:34:11,050 [1] INFO DBRepoBilet - findAll method called.
2024-04-02 13:34:11,051 [1] INFO DBRepoBilet - findAll method called.
2024-04-02 13:34:11,052 [1] INFO DBRepoSpectacol - FindAll method called.
2024-04-02 13:34:11,052 [1] INFO DBRepoBilet - findAll method called.
2024-04-02 13:34:30,062 [1] INFO DBRepoPersoana - Initializing DBRepoPersoana...
2024-04-02 13:34:30,092 [1] INFO DBRepoArtist - Initializing DBRepoArtist...
2024-04-02 13:34:30,092 [1] INFO DBRepoBilet - Initializing DBRepoBilet...
2024-04-02 13:34:30,092 [1] INFO DBRepoSpectacol - Initializing DBRepoSpectacol...
2024-04-02 13:34:30,092 [1] INFO DBRepoArtist - Initializing DBRepoArtist...
2024-04-02 13:34:30,093 [1] INFO DBRepoClient - Initializing DBRepoClient...
2024-04-02 13:34:30,097 [1] INFO mpp_c_app1.Program - Logger-ul a fost ini?ializat cu succes.
2024-04-02 13:34:32,193 [1] INFO DBRepoArtist - findAll method called.
2024-04-02 13:34:32,247 [1] INFO DBRepoArtist - Found 2 artists
2024-04-02 13:34:32,247 [1] INFO DBRepoSpectacol - FindAll method called.
2024-04-02 13:34:42,360 [1] INFO DBRepoPersoana - Initializing DBRepoPersoana...
2024-04-02 13:34:42,390 [1] INFO DBRepoArtist - Initializing DBRepoArtist...
2024-04-02 13:34:42,391 [1] INFO DBRepoBilet - Initializing DBRepoBilet...
2024-04-02 13:34:42,391 [1] INFO DBRepoSpectacol - Initializing DBRepoSpectacol...
2024-04-02 13:34:42,391 [1] INFO DBRepoArtist - Initializing DBRepoArtist...
2024-04-02 13:34:42,391 [1] INFO DBRepoClient - Initializing DBRepoClient...
2024-04-02 13:34:42,394 [1] INFO mpp_c_app1.Program - Logger-ul a fost ini?ializat cu succes.
2024-04-02 13:34:43,557 [1] INFO DBRepoArtist - findAll method called.
2024-04-02 13:34:43,604 [1] INFO DBRepoArtist - Found 2 artists
2024-04-02 13:34:43,605 [1] INFO DBRepoSpectacol - FindAll method called.
2024-04-02 13:34:43,607 [1] INFO DBRepoBilet - findAll method called.
2024-04-02 13:34:43,607 [1] INFO DBRepoBilet - findAll method called.
2024-04-02 13:34:43,609 [1] INFO DBRepoSpectacol - FindAll method called.
2024-04-02 13:34:43,609 [1] INFO DBRepoBilet - findAll method called.
2024-04-02 13:52:09,141 [1] INFO DBRepoPersoana - Initializing DBRepoPersoana...
2024-04-02 13:52:09,172 [1] INFO DBRepoArtist - Initializing DBRepoArtist...
2024-04-02 13:52:09,172 [1] INFO DBRepoBilet - Initializing DBRepoBilet...
2024-04-02 13:52:09,172 [1] INFO DBRepoSpectacol - Initializing DBRepoSpectacol...
2024-04-02 13:52:09,173 [1] INFO DBRepoArtist - Initializing DBRepoArtist...
2024-04-02 13:52:09,173 [1] INFO DBRepoClient - Initializing DBRepoClient...
2024-04-02 13:52:09,176 [1] INFO mpp_c_app1.Program - Logger-ul a fost ini?ializat cu succes.
2024-04-02 13:52:11,564 [1] INFO DBRepoArtist - findAll method called.
2024-04-02 13:52:11,658 [1] INFO DBRepoArtist - Found 2 artists
2024-04-02 13:52:11,658 [1] INFO DBRepoSpectacol - FindAll method called.
2024-04-02 13:52:11,662 [1] INFO DBRepoBilet - findAll method called.
2024-04-02 13:52:11,664 [1] INFO DBRepoBilet - findAll method called.
2024-04-02 13:52:11,664 [1] INFO DBRepoSpectacol - FindAll method called.
2024-04-02 13:52:11,665 [1] INFO DBRepoBilet - findAll method called.
2024-04-02 13:52:34,056 [1] INFO DBRepoArtist - findAll method called.
2024-04-02 13:52:34,058 [1] INFO DBRepoArtist - Found 2 artists
2024-04-02 13:52:34,058 [1] INFO DBRepoSpectacol - FindAll method called.
2024-04-02 13:52:34,060 [1] INFO DBRepoPersoana - save method called for persoana with id: 0
2024-04-02 13:52:34,076 [1] INFO DBRepoPersoana - FindAll method called.
2024-04-02 13:52:34,077 [1] INFO DBRepoPersoana - Found 7 persoane
2024-04-02 13:52:34,077 [1] INFO DBRepoClient - <log4net.Error>Exception during StringFormat: Input string was not in a correct format. <format>saving task {} </format><args>{}</args></log4net.Error>
2024-04-02 13:52:42,008 [1] INFO DBRepoPersoana - Initializing DBRepoPersoana...
2024-04-02 13:52:42,043 [1] INFO DBRepoArtist - Initializing DBRepoArtist...
2024-04-02 13:52:42,043 [1] INFO DBRepoBilet - Initializing DBRepoBilet...
2024-04-02 13:52:42,044 [1] INFO DBRepoSpectacol - Initializing DBRepoSpectacol...
2024-04-02 13:52:42,044 [1] INFO DBRepoArtist - Initializing DBRepoArtist...
2024-04-02 13:52:42,044 [1] INFO DBRepoClient - Initializing DBRepoClient...
2024-04-02 13:52:42,048 [1] INFO mpp_c_app1.Program - Logger-ul a fost ini?ializat cu succes.
2024-04-02 13:52:49,491 [1] INFO DBRepoPersoana - Initializing DBRepoPersoana...
2024-04-02 13:52:49,529 [1] INFO DBRepoArtist - Initializing DBRepoArtist...
2024-04-02 13:52:49,529 [1] INFO DBRepoBilet - Initializing DBRepoBilet...
2024-04-02 13:52:49,530 [1] INFO DBRepoSpectacol - Initializing DBRepoSpectacol...
2024-04-02 13:52:49,530 [1] INFO DBRepoArtist - Initializing DBRepoArtist...
2024-04-02 13:52:49,530 [1] INFO DBRepoClient - Initializing DBRepoClient...
2024-04-02 13:52:49,559 [1] INFO mpp_c_app1.Program - Logger-ul a fost ini?ializat cu succes.
2024-04-02 13:52:57,695 [1] INFO DBRepoArtist - findAll method called.
2024-04-02 13:52:57,776 [1] INFO DBRepoArtist - Found 2 artists
2024-04-02 13:52:57,777 [1] INFO DBRepoSpectacol - FindAll method called.
2024-04-02 13:52:57,781 [1] INFO DBRepoBilet - findAll method called.
2024-04-02 13:52:57,785 [1] INFO DBRepoBilet - findAll method called.
2024-04-02 13:52:57,786 [1] INFO DBRepoSpectacol - FindAll method called.
2024-04-02 13:52:57,787 [1] INFO DBRepoBilet - findAll method called.
2024-04-02 13:53:07,618 [1] INFO DBRepoArtist - findAll method called.
2024-04-02 13:53:07,619 [1] INFO DBRepoArtist - Found 2 artists
2024-04-02 13:53:07,621 [1] INFO DBRepoSpectacol - FindAll method called.
2024-04-02 13:54:02,716 [1] INFO DBRepoPersoana - save method called for persoana with id: 0
2024-04-02 13:54:17,616 [1] INFO DBRepoPersoana - FindAll method called.
2024-04-02 13:54:17,618 [1] INFO DBRepoPersoana - Found 8 persoane
2024-04-02 13:54:53,100 [1] INFO DBRepoPersoana - Initializing DBRepoPersoana...
2024-04-02 13:54:53,131 [1] INFO DBRepoArtist - Initializing DBRepoArtist...
2024-04-02 13:54:53,131 [1] INFO DBRepoBilet - Initializing DBRepoBilet...
2024-04-02 13:54:53,131 [1] INFO DBRepoSpectacol - Initializing DBRepoSpectacol...
2024-04-02 13:54:53,131 [1] INFO DBRepoArtist - Initializing DBRepoArtist...
2024-04-02 13:54:53,132 [1] INFO DBRepoClient - Initializing DBRepoClient...
2024-04-02 13:54:53,136 [1] INFO mpp_c_app1.Program - Logger-ul a fost ini?ializat cu succes.
2024-04-02 13:55:01,182 [1] INFO DBRepoArtist - findAll method called.
2024-04-02 13:55:01,222 [1] INFO DBRepoArtist - Found 2 artists
2024-04-02 13:55:01,222 [1] INFO DBRepoSpectacol - FindAll method called.
2024-04-02 13:55:01,225 [1] INFO DBRepoBilet - findAll method called.
2024-04-02 13:55:01,226 [1] INFO DBRepoBilet - findAll method called.
2024-04-02 13:55:01,226 [1] INFO DBRepoSpectacol - FindAll method called.
2024-04-02 13:55:01,227 [1] INFO DBRepoBilet - findAll method called.
2024-04-02 13:55:15,074 [1] INFO DBRepoArtist - findAll method called.
2024-04-02 13:55:15,076 [1] INFO DBRepoArtist - Found 2 artists
2024-04-02 13:55:15,076 [1] INFO DBRepoSpectacol - FindAll method called.
2024-04-02 13:55:15,079 [1] INFO DBRepoPersoana - save method called for persoana with id: 0
2024-04-02 13:55:15,097 [1] INFO DBRepoPersoana - FindAll method called.
2024-04-02 13:55:15,098 [1] INFO DBRepoPersoana - Found 9 persoane
2024-04-02 13:55:15,099 [1] INFO DBRepoClient - <log4net.Error>Exception during StringFormat: Input string was not in a correct format. <format>saving task {} </format><args>{}</args></log4net.Error>
2024-04-02 13:56:58,345 [1] INFO DBRepoPersoana - Initializing DBRepoPersoana...
2024-04-02 13:56:58,376 [1] INFO DBRepoArtist - Initializing DBRepoArtist...
2024-04-02 13:56:58,376 [1] INFO DBRepoBilet - Initializing DBRepoBilet...
2024-04-02 13:56:58,377 [1] INFO DBRepoSpectacol - Initializing DBRepoSpectacol...
2024-04-02 13:56:58,377 [1] INFO DBRepoArtist - Initializing DBRepoArtist...
2024-04-02 13:56:58,377 [1] INFO DBRepoClient - Initializing DBRepoClient...
2024-04-02 13:56:58,380 [1] INFO mpp_c_app1.Program - Logger-ul a fost ini?ializat cu succes.
2024-04-02 13:56:59,784 [1] INFO DBRepoArtist - findAll method called.
2024-04-02 13:56:59,841 [1] INFO DBRepoArtist - Found 2 artists
2024-04-02 13:56:59,841 [1] INFO DBRepoSpectacol - FindAll method called.
2024-04-02 13:56:59,843 [1] INFO DBRepoBilet - findAll method called.
2024-04-02 13:56:59,845 [1] INFO DBRepoBilet - findAll method called.
2024-04-02 13:56:59,845 [1] INFO DBRepoSpectacol - FindAll method called.
2024-04-02 13:56:59,845 [1] INFO DBRepoBilet - findAll method called.
2024-04-02 13:57:09,089 [1] INFO DBRepoArtist - findAll method called.
2024-04-02 13:57:09,091 [1] INFO DBRepoArtist - Found 2 artists
2024-04-02 13:57:09,091 [1] INFO DBRepoSpectacol - FindAll method called.
2024-04-02 13:57:09,093 [1] INFO DBRepoPersoana - save method called for persoana with id: 0
2024-04-02 13:57:09,107 [1] INFO DBRepoPersoana - FindAll method called.
2024-04-02 13:57:09,108 [1] INFO DBRepoPersoana - Found 10 persoane
2024-04-02 13:57:09,108 [1] INFO DBRepoClient - <log4net.Error>Exception during StringFormat: Input string was not in a correct format. <format>saving task {} </format><args>{}</args></log4net.Error>
2024-04-02 14:02:29,362 [1] INFO DBRepoPersoana - Initializing DBRepoPersoana...
2024-04-02 14:02:29,394 [1] INFO DBRepoArtist - Initializing DBRepoArtist...
2024-04-02 14:02:29,395 [1] INFO DBRepoBilet - Initializing DBRepoBilet...
2024-04-02 14:02:29,395 [1] INFO DBRepoSpectacol - Initializing DBRepoSpectacol...
2024-04-02 14:02:29,395 [1] INFO DBRepoArtist - Initializing DBRepoArtist...
2024-04-02 14:02:29,395 [1] INFO DBRepoClient - Initializing DBRepoClient...
2024-04-02 14:02:29,398 [1] INFO mpp_c_app1.Program - Logger-ul a fost ini?ializat cu succes.
2024-04-02 14:02:30,945 [1] INFO DBRepoArtist - findAll method called.
2024-04-02 14:02:30,997 [1] INFO DBRepoArtist - Found 2 artists
2024-04-02 14:02:30,997 [1] INFO DBRepoSpectacol - FindAll method called.
2024-04-02 14:02:31,000 [1] INFO DBRepoBilet - findAll method called.
2024-04-02 14:02:31,001 [1] INFO DBRepoBilet - findAll method called.
2024-04-02 14:02:31,001 [1] INFO DBRepoSpectacol - FindAll method called.
2024-04-02 14:02:31,002 [1] INFO DBRepoBilet - findAll method called.
2024-04-02 14:02:41,509 [1] INFO DBRepoArtist - findAll method called.
2024-04-02 14:02:41,511 [1] INFO DBRepoArtist - Found 2 artists
2024-04-02 14:02:41,511 [1] INFO DBRepoSpectacol - FindAll method called.
2024-04-02 14:02:41,514 [1] INFO DBRepoPersoana - save method called for persoana with id: 0
2024-04-02 14:02:41,533 [1] INFO DBRepoPersoana - FindAll method called.
2024-04-02 14:02:41,535 [1] INFO DBRepoPersoana - Found 11 persoane
2024-04-02 14:02:41,536 [1] INFO DBRepoClient - <log4net.Error>Exception during StringFormat: Input string was not in a correct format. <format>saving task {} </format><args>{}</args></log4net.Error>
2024-04-02 14:04:39,533 [1] INFO DBRepoPersoana - Initializing DBRepoPersoana...
2024-04-02 14:04:39,566 [1] INFO DBRepoArtist - Initializing DBRepoArtist...
2024-04-02 14:04:39,566 [1] INFO DBRepoBilet - Initializing DBRepoBilet...
2024-04-02 14:04:39,566 [1] INFO DBRepoSpectacol - Initializing DBRepoSpectacol...
2024-04-02 14:04:39,566 [1] INFO DBRepoArtist - Initializing DBRepoArtist...
2024-04-02 14:04:39,566 [1] INFO DBRepoClient - Initializing DBRepoClient...
2024-04-02 14:04:39,569 [1] INFO mpp_c_app1.Program - Logger-ul a fost ini?ializat cu succes.
2024-04-02 14:04:41,401 [1] INFO DBRepoArtist - findAll method called.
2024-04-02 14:04:41,460 [1] INFO DBRepoArtist - Found 2 artists
2024-04-02 14:04:41,461 [1] INFO DBRepoSpectacol - FindAll method called.
2024-04-02 14:04:41,463 [1] INFO DBRepoBilet - findAll method called.
2024-04-02 14:04:41,464 [1] INFO DBRepoBilet - findAll method called.
2024-04-02 14:04:41,465 [1] INFO DBRepoSpectacol - FindAll method called.
2024-04-02 14:04:41,465 [1] INFO DBRepoBilet - findAll method called.
2024-04-02 14:04:49,590 [1] INFO DBRepoArtist - findAll method called.
2024-04-02 14:04:49,591 [1] INFO DBRepoArtist - Found 2 artists
2024-04-02 14:04:49,591 [1] INFO DBRepoSpectacol - FindAll method called.
2024-04-02 14:04:49,594 [1] INFO DBRepoPersoana - save method called for persoana with id: 0
2024-04-02 14:04:49,612 [1] INFO DBRepoPersoana - FindAll method called.
2024-04-02 14:04:49,613 [1] INFO DBRepoPersoana - Found 7 persoane
2024-04-02 14:04:49,614 [1] INFO DBRepoClient - <log4net.Error>Exception during StringFormat: Input string was not in a correct format. <format>saving task {} </format><args>{}</args></log4net.Error>
2024-04-02 14:04:49,629 [1] INFO DBRepoClient - Saved 1 instances
2024-04-02 14:04:49,630 [1] INFO DBRepoClient - findAll method called.
2024-04-02 14:05:08,706 [1] INFO DBRepoPersoana - Initializing DBRepoPersoana...
2024-04-02 14:05:08,743 [1] INFO DBRepoArtist - Initializing DBRepoArtist...
2024-04-02 14:05:08,743 [1] INFO DBRepoBilet - Initializing DBRepoBilet...
2024-04-02 14:05:08,743 [1] INFO DBRepoSpectacol - Initializing DBRepoSpectacol...
2024-04-02 14:05:08,744 [1] INFO DBRepoArtist - Initializing DBRepoArtist...
2024-04-02 14:05:08,744 [1] INFO DBRepoClient - Initializing DBRepoClient...
2024-04-02 14:05:08,759 [1] INFO mpp_c_app1.Program - Logger-ul a fost ini?ializat cu succes.
2024-04-02 14:05:17,643 [1] INFO DBRepoArtist - findAll method called.
2024-04-02 14:05:17,717 [1] INFO DBRepoArtist - Found 2 artists
2024-04-02 14:05:17,718 [1] INFO DBRepoSpectacol - FindAll method called.
2024-04-02 14:05:17,724 [1] INFO DBRepoBilet - findAll method called.
2024-04-02 14:05:17,726 [1] INFO DBRepoBilet - findAll method called.
2024-04-02 14:05:17,729 [1] INFO DBRepoSpectacol - FindAll method called.
2024-04-02 14:05:17,730 [1] INFO DBRepoBilet - findAll method called.
2024-04-02 14:05:35,246 [1] INFO DBRepoArtist - findAll method called.
2024-04-02 14:05:35,248 [1] INFO DBRepoArtist - Found 2 artists
2024-04-02 14:05:35,248 [1] INFO DBRepoSpectacol - FindAll method called.
2024-04-02 14:05:44,758 [1] INFO DBRepoPersoana - save method called for persoana with id: 0
2024-04-02 14:05:44,779 [1] INFO DBRepoPersoana - FindAll method called.
2024-04-02 14:05:44,780 [1] INFO DBRepoPersoana - Found 8 persoane
2024-04-02 14:05:44,781 [1] INFO DBRepoClient - <log4net.Error>Exception during StringFormat: Input string was not in a correct format. <format>saving task {} </format><args>{}</args></log4net.Error>
2024-04-02 14:05:44,805 [1] INFO DBRepoClient - Saved 1 instances
2024-04-02 14:05:44,806 [1] INFO DBRepoClient - findAll method called.
2024-04-02 14:07:17,811 [1] INFO DBRepoPersoana - Initializing DBRepoPersoana...
2024-04-02 14:07:17,845 [1] INFO DBRepoArtist - Initializing DBRepoArtist...
2024-04-02 14:07:17,845 [1] INFO DBRepoBilet - Initializing DBRepoBilet...
2024-04-02 14:07:17,845 [1] INFO DBRepoSpectacol - Initializing DBRepoSpectacol...
2024-04-02 14:07:17,845 [1] INFO DBRepoArtist - Initializing DBRepoArtist...
2024-04-02 14:07:17,846 [1] INFO DBRepoClient - Initializing DBRepoClient...
2024-04-02 14:07:17,849 [1] INFO mpp_c_app1.Program - Logger-ul a fost ini?ializat cu succes.
2024-04-02 14:07:19,412 [1] INFO DBRepoArtist - findAll method called.
2024-04-02 14:07:19,468 [1] INFO DBRepoArtist - Found 2 artists
2024-04-02 14:07:19,469 [1] INFO DBRepoSpectacol - FindAll method called.
2024-04-02 14:07:19,471 [1] INFO DBRepoBilet - findAll method called.
2024-04-02 14:07:19,472 [1] INFO DBRepoBilet - findAll method called.
2024-04-02 14:07:19,473 [1] INFO DBRepoSpectacol - FindAll method called.
2024-04-02 14:07:19,473 [1] INFO DBRepoBilet - findAll method called.
2024-04-02 14:07:31,526 [1] INFO DBRepoArtist - findAll method called.
2024-04-02 14:07:31,527 [1] INFO DBRepoArtist - Found 2 artists
2024-04-02 14:07:31,527 [1] INFO DBRepoSpectacol - FindAll method called.
2024-04-02 14:07:31,530 [1] INFO DBRepoPersoana - save method called for persoana with id: 0
2024-04-02 14:07:31,548 [1] INFO DBRepoPersoana - FindAll method called.
2024-04-02 14:07:31,549 [1] INFO DBRepoPersoana - Found 9 persoane
2024-04-02 14:07:31,549 [1] INFO DBRepoClient - <log4net.Error>Exception during StringFormat: Input string was not in a correct format. <format>saving task {} </format><args>{}</args></log4net.Error>
2024-04-02 14:07:31,563 [1] INFO DBRepoClient - Saved 1 instances
2024-04-02 14:07:31,563 [1] INFO DBRepoClient - findAll method called.
2024-04-02 14:07:58,115 [1] INFO DBRepoPersoana - Initializing DBRepoPersoana...
2024-04-02 14:07:58,145 [1] INFO DBRepoArtist - Initializing DBRepoArtist...
2024-04-02 14:07:58,146 [1] INFO DBRepoBilet - Initializing DBRepoBilet...
2024-04-02 14:07:58,146 [1] INFO DBRepoSpectacol - Initializing DBRepoSpectacol...
2024-04-02 14:07:58,146 [1] INFO DBRepoArtist - Initializing DBRepoArtist...
2024-04-02 14:07:58,147 [1] INFO DBRepoClient - Initializing DBRepoClient...
2024-04-02 14:07:58,152 [1] INFO mpp_c_app1.Program - Logger-ul a fost ini?ializat cu succes.
2024-04-02 14:08:18,361 [1] INFO DBRepoPersoana - Initializing DBRepoPersoana...
2024-04-02 14:08:18,394 [1] INFO DBRepoArtist - Initializing DBRepoArtist...
2024-04-02 14:08:18,394 [1] INFO DBRepoBilet - Initializing DBRepoBilet...
2024-04-02 14:08:18,394 [1] INFO DBRepoSpectacol - Initializing DBRepoSpectacol...
2024-04-02 14:08:18,394 [1] INFO DBRepoArtist - Initializing DBRepoArtist...
2024-04-02 14:08:18,395 [1] INFO DBRepoClient - Initializing DBRepoClient...
2024-04-02 14:08:18,398 [1] INFO mpp_c_app1.Program - Logger-ul a fost ini?ializat cu succes.
2024-04-02 14:08:20,024 [1] INFO DBRepoArtist - findAll method called.
2024-04-02 14:08:20,062 [1] INFO DBRepoArtist - Found 2 artists
2024-04-02 14:08:20,063 [1] INFO DBRepoSpectacol - FindAll method called.
2024-04-02 14:08:20,065 [1] INFO DBRepoBilet - findAll method called.
2024-04-02 14:08:20,066 [1] INFO DBRepoBilet - findAll method called.
2024-04-02 14:08:20,067 [1] INFO DBRepoSpectacol - FindAll method called.
2024-04-02 14:08:20,067 [1] INFO DBRepoBilet - findAll method called.
2024-04-02 14:08:36,214 [1] INFO DBRepoArtist - findAll method called.
2024-04-02 14:08:36,216 [1] INFO DBRepoArtist - Found 2 artists
2024-04-02 14:08:36,216 [1] INFO DBRepoSpectacol - FindAll method called.
2024-04-02 14:08:36,219 [1] INFO DBRepoPersoana - save method called for persoana with id: 0
2024-04-02 14:08:36,237 [1] INFO DBRepoPersoana - FindAll method called.
2024-04-02 14:08:36,238 [1] INFO DBRepoPersoana - Found 10 persoane
2024-04-02 14:08:36,239 [1] INFO DBRepoClient - <log4net.Error>Exception during StringFormat: Input string was not in a correct format. <format>saving task {} </format><args>{}</args></log4net.Error>
2024-04-02 14:08:36,249 [1] INFO DBRepoClient - Saved 1 instances
2024-04-02 14:08:36,249 [1] INFO DBRepoClient - findAll method called.
2024-04-02 14:16:14,174 [1] INFO DBRepoPersoana - Initializing DBRepoPersoana...
2024-04-02 14:16:14,206 [1] INFO DBRepoArtist - Initializing DBRepoArtist...
2024-04-02 14:16:14,206 [1] INFO DBRepoBilet - Initializing DBRepoBilet...
2024-04-02 14:16:14,206 [1] INFO DBRepoSpectacol - Initializing DBRepoSpectacol...
2024-04-02 14:16:14,206 [1] INFO DBRepoArtist - Initializing DBRepoArtist...
2024-04-02 14:16:14,206 [1] INFO DBRepoClient - Initializing DBRepoClient...
2024-04-02 14:16:14,209 [1] INFO mpp_c_app1.Program - Logger-ul a fost ini?ializat cu succes.
2024-04-02 14:16:15,860 [1] INFO DBRepoArtist - findAll method called.
2024-04-02 14:16:15,907 [1] INFO DBRepoArtist - Found 2 artists
2024-04-02 14:16:15,908 [1] INFO DBRepoSpectacol - FindAll method called.
2024-04-02 14:16:15,910 [1] INFO DBRepoBilet - findAll method called.
2024-04-02 14:16:15,911 [1] INFO DBRepoBilet - findAll method called.
2024-04-02 14:16:15,911 [1] INFO DBRepoSpectacol - FindAll method called.
2024-04-02 14:16:15,912 [1] INFO DBRepoBilet - findAll method called.
2024-04-02 14:16:24,383 [1] INFO DBRepoArtist - findAll method called.
2024-04-02 14:16:24,385 [1] INFO DBRepoArtist - Found 2 artists
2024-04-02 14:16:24,385 [1] INFO DBRepoSpectacol - FindAll method called.
2024-04-02 14:16:24,388 [1] INFO DBRepoPersoana - save method called for persoana with id: 0
2024-04-02 14:16:24,402 [1] INFO DBRepoPersoana - FindAll method called.
2024-04-02 14:16:24,403 [1] INFO DBRepoPersoana - Found 11 persoane
2024-04-02 14:16:24,404 [1] INFO DBRepoClient - <log4net.Error>Exception during StringFormat: Input string was not in a correct format. <format>saving task {} </format><args>{}</args></log4net.Error>
2024-04-02 14:16:24,412 [1] INFO DBRepoClient - Saved 1 instances
2024-04-02 14:16:24,412 [1] INFO DBRepoClient - findAll method called.
2024-04-02 14:16:24,413 [1] INFO DBRepoClient - Found 5 clients
2024-04-02 14:16:24,413 [1] INFO DBRepoBilet - saving task mpp_c_app1.domain.Bilet 
2024-04-02 14:16:24,418 [1] INFO DBRepoBilet - Saved 1 instances
2024-04-02 14:18:55,122 [1] INFO DBRepoPersoana - Initializing DBRepoPersoana...
2024-04-02 14:18:55,152 [1] INFO DBRepoArtist - Initializing DBRepoArtist...
2024-04-02 14:18:55,152 [1] INFO DBRepoBilet - Initializing DBRepoBilet...
2024-04-02 14:18:55,152 [1] INFO DBRepoSpectacol - Initializing DBRepoSpectacol...
2024-04-02 14:18:55,152 [1] INFO DBRepoArtist - Initializing DBRepoArtist...
2024-04-02 14:18:55,152 [1] INFO DBRepoClient - Initializing DBRepoClient...
2024-04-02 14:18:55,156 [1] INFO mpp_c_app1.Program - Logger-ul a fost ini?ializat cu succes.
2024-04-02 14:19:26,979 [1] INFO DBRepoPersoana - Initializing DBRepoPersoana...
2024-04-02 14:19:27,008 [1] INFO DBRepoArtist - Initializing DBRepoArtist...
2024-04-02 14:19:27,008 [1] INFO DBRepoBilet - Initializing DBRepoBilet...
2024-04-02 14:19:27,008 [1] INFO DBRepoSpectacol - Initializing DBRepoSpectacol...
2024-04-02 14:19:27,008 [1] INFO DBRepoArtist - Initializing DBRepoArtist...
2024-04-02 14:19:27,009 [1] INFO DBRepoClient - Initializing DBRepoClient...
2024-04-02 14:19:27,012 [1] INFO mpp_c_app1.Program - Logger-ul a fost ini?ializat cu succes.
2024-04-02 14:21:23,095 [1] INFO DBRepoPersoana - Initializing DBRepoPersoana...
2024-04-02 14:21:23,129 [1] INFO DBRepoArtist - Initializing DBRepoArtist...
2024-04-02 14:21:23,129 [1] INFO DBRepoBilet - Initializing DBRepoBilet...
2024-04-02 14:21:23,129 [1] INFO DBRepoSpectacol - Initializing DBRepoSpectacol...
2024-04-02 14:21:23,130 [1] INFO DBRepoArtist - Initializing DBRepoArtist...
2024-04-02 14:21:23,130 [1] INFO DBRepoClient - Initializing DBRepoClient...
2024-04-02 14:21:23,133 [1] INFO mpp_c_app1.Program - Logger-ul a fost ini?ializat cu succes.
2024-04-02 14:21:24,745 [1] INFO DBRepoArtist - findAll method called.
2024-04-02 14:21:24,791 [1] INFO DBRepoArtist - Found 2 artists
2024-04-02 14:21:24,791 [1] INFO DBRepoSpectacol - FindAll method called.
2024-04-02 14:21:24,794 [1] INFO DBRepoBilet - findAll method called.
2024-04-02 14:21:24,794 [1] INFO DBRepoBilet - findAll method called.
2024-04-02 14:21:24,795 [1] INFO DBRepoSpectacol - FindAll method called.
2024-04-02 14:21:24,795 [1] INFO DBRepoBilet - findAll method called.
2024-04-02 14:21:47,286 [1] INFO DBRepoArtist - findAll method called.
2024-04-02 14:21:47,287 [1] INFO DBRepoArtist - Found 2 artists
2024-04-02 14:21:47,288 [1] INFO DBRepoSpectacol - FindAll method called.
2024-04-02 14:21:47,289 [1] INFO DBRepoSpectacol - FindAll method called.
2024-04-02 14:21:47,291 [1] INFO DBRepoPersoana - save method called for persoana with id: 0
2024-04-02 14:21:47,306 [1] INFO DBRepoPersoana - FindAll method called.
2024-04-02 14:21:47,308 [1] INFO DBRepoPersoana - Found 7 persoane
2024-04-02 14:21:47,308 [1] INFO DBRepoClient - <log4net.Error>Exception during StringFormat: Input string was not in a correct format. <format>saving task {} </format><args>{}</args></log4net.Error>
2024-04-02 14:21:47,319 [1] INFO DBRepoClient - Saved 1 instances
2024-04-02 14:21:47,320 [1] INFO DBRepoClient - findAll method called.
2024-04-02 14:21:47,320 [1] INFO DBRepoClient - Found 1 clients
2024-04-02 14:21:47,321 [1] INFO DBRepoBilet - saving task mpp_c_app1.domain.Bilet 
2024-04-02 14:21:47,326 [1] INFO DBRepoBilet - Saved 1 instances
2024-04-02 14:22:21,420 [1] INFO DBRepoPersoana - Initializing DBRepoPersoana...
2024-04-02 14:22:21,451 [1] INFO DBRepoArtist - Initializing DBRepoArtist...
2024-04-02 14:22:21,452 [1] INFO DBRepoBilet - Initializing DBRepoBilet...
2024-04-02 14:22:21,452 [1] INFO DBRepoSpectacol - Initializing DBRepoSpectacol...
2024-04-02 14:22:21,452 [1] INFO DBRepoArtist - Initializing DBRepoArtist...
2024-04-02 14:22:21,452 [1] INFO DBRepoClient - Initializing DBRepoClient...
2024-04-02 14:22:21,470 [1] INFO mpp_c_app1.Program - Logger-ul a fost ini?ializat cu succes.
2024-04-02 14:22:26,974 [1] INFO DBRepoArtist - findAll method called.
2024-04-02 14:22:27,032 [1] INFO DBRepoArtist - Found 2 artists
2024-04-02 14:22:27,033 [1] INFO DBRepoSpectacol - FindAll method called.
2024-04-02 14:22:27,035 [1] INFO DBRepoBilet - findAll method called.
2024-04-02 14:22:27,036 [1] INFO DBRepoBilet - findAll method called.
2024-04-02 14:22:27,037 [1] INFO DBRepoSpectacol - FindAll method called.
2024-04-02 14:22:27,037 [1] INFO DBRepoBilet - findAll method called.
2024-04-02 14:22:40,673 [1] INFO DBRepoArtist - findAll method called.
2024-04-02 14:22:40,675 [1] INFO DBRepoArtist - Found 2 artists
2024-04-02 14:22:40,675 [1] INFO DBRepoSpectacol - FindAll method called.
2024-04-02 14:22:40,676 [1] INFO DBRepoSpectacol - FindAll method called.
2024-04-02 14:22:54,790 [1] INFO DBRepoPersoana - save method called for persoana with id: 0
2024-04-02 14:22:54,812 [1] INFO DBRepoPersoana - FindAll method called.
2024-04-02 14:22:54,814 [1] INFO DBRepoPersoana - Found 8 persoane
2024-04-02 14:22:54,815 [1] INFO DBRepoClient - <log4net.Error>Exception during StringFormat: Input string was not in a correct format. <format>saving task {} </format><args>{}</args></log4net.Error>
2024-04-02 14:22:54,843 [1] INFO DBRepoClient - Saved 1 instances
2024-04-02 14:22:54,844 [1] INFO DBRepoClient - findAll method called.
2024-04-02 14:22:54,846 [1] INFO DBRepoClient - Found 2 clients
2024-04-02 14:23:17,930 [1] INFO DBRepoPersoana - Initializing DBRepoPersoana...
2024-04-02 14:23:17,969 [1] INFO DBRepoArtist - Initializing DBRepoArtist...
2024-04-02 14:23:17,969 [1] INFO DBRepoBilet - Initializing DBRepoBilet...
2024-04-02 14:23:17,969 [1] INFO DBRepoSpectacol - Initializing DBRepoSpectacol...
2024-04-02 14:23:17,970 [1] INFO DBRepoArtist - Initializing DBRepoArtist...
2024-04-02 14:23:17,970 [1] INFO DBRepoClient - Initializing DBRepoClient...
2024-04-02 14:23:17,986 [1] INFO mpp_c_app1.Program - Logger-ul a fost ini?ializat cu succes.
2024-04-02 14:23:19,117 [1] INFO DBRepoArtist - findAll method called.
2024-04-02 14:23:19,163 [1] INFO DBRepoArtist - Found 2 artists
2024-04-02 14:23:19,164 [1] INFO DBRepoSpectacol - FindAll method called.
2024-04-02 14:23:19,166 [1] INFO DBRepoBilet - findAll method called.
2024-04-02 14:23:19,167 [1] INFO DBRepoBilet - findAll method called.
2024-04-02 14:23:19,168 [1] INFO DBRepoSpectacol - FindAll method called.
2024-04-02 14:23:19,169 [1] INFO DBRepoBilet - findAll method called.
2024-04-02 14:23:28,466 [1] INFO DBRepoArtist - findAll method called.
2024-04-02 14:23:28,468 [1] INFO DBRepoArtist - Found 2 artists
2024-04-02 14:23:28,468 [1] INFO DBRepoSpectacol - FindAll method called.
2024-04-02 14:23:28,469 [1] INFO DBRepoSpectacol - FindAll method called.
2024-04-02 14:23:31,529 [1] INFO DBRepoPersoana - save method called for persoana with id: 0
2024-04-02 14:23:31,541 [1] INFO DBRepoPersoana - FindAll method called.
2024-04-02 14:23:31,543 [1] INFO DBRepoPersoana - Found 9 persoane
2024-04-02 14:23:31,543 [1] INFO DBRepoClient - <log4net.Error>Exception during StringFormat: Input string was not in a correct format. <format>saving task {} </format><args>{}</args></log4net.Error>
2024-04-02 14:23:31,562 [1] INFO DBRepoClient - Saved 1 instances
2024-04-02 14:23:31,563 [1] INFO DBRepoClient - findAll method called.
2024-04-02 14:23:31,565 [1] INFO DBRepoClient - Found 3 clients
2024-04-02 14:23:31,565 [1] INFO DBRepoBilet - saving task mpp_c_app1.domain.Bilet 
2024-04-02 14:23:31,571 [1] INFO DBRepoBilet - Saved 1 instances
2024-04-02 14:23:42,005 [1] INFO DBRepoPersoana - Initializing DBRepoPersoana...
2024-04-02 14:23:42,037 [1] INFO DBRepoArtist - Initializing DBRepoArtist...
2024-04-02 14:23:42,038 [1] INFO DBRepoBilet - Initializing DBRepoBilet...
2024-04-02 14:23:42,038 [1] INFO DBRepoSpectacol - Initializing DBRepoSpectacol...
2024-04-02 14:23:42,038 [1] INFO DBRepoArtist - Initializing DBRepoArtist...
2024-04-02 14:23:42,038 [1] INFO DBRepoClient - Initializing DBRepoClient...
2024-04-02 14:23:42,053 [1] INFO mpp_c_app1.Program - Logger-ul a fost ini?ializat cu succes.
2024-04-02 14:23:43,899 [1] INFO DBRepoArtist - findAll method called.
2024-04-02 14:23:43,954 [1] INFO DBRepoArtist - Found 2 artists
2024-04-02 14:23:43,955 [1] INFO DBRepoSpectacol - FindAll method called.
2024-04-02 14:23:43,958 [1] INFO DBRepoBilet - findAll method called.
2024-04-02 14:23:43,960 [1] INFO DBRepoBilet - findAll method called.
2024-04-02 14:23:43,960 [1] INFO DBRepoSpectacol - FindAll method called.
2024-04-02 14:23:43,961 [1] INFO DBRepoBilet - findAll method called.
2024-04-02 14:23:53,358 [1] INFO DBRepoArtist - findAll method called.
2024-04-02 14:23:53,359 [1] INFO DBRepoArtist - Found 2 artists
2024-04-02 14:23:53,360 [1] INFO DBRepoSpectacol - FindAll method called.
2024-04-02 14:24:51,851 [1] INFO DBRepoPersoana - save method called for persoana with id: 0
2024-04-02 14:25:24,387 [1] INFO DBRepoPersoana - FindAll method called.
2024-04-02 14:25:24,390 [1] INFO DBRepoPersoana - Found 10 persoane
2024-04-02 14:25:56,082 [1] INFO DBRepoClient - <log4net.Error>Exception during StringFormat: Input string was not in a correct format. <format>saving task {} </format><args>{}</args></log4net.Error>
2024-04-02 14:25:56,113 [1] INFO DBRepoClient - Saved 1 instances
2024-04-02 14:25:56,767 [1] INFO DBRepoClient - findAll method called.
2024-04-02 14:25:56,770 [1] INFO DBRepoClient - Found 4 clients
2024-04-02 14:26:15,425 [1] INFO DBRepoBilet - saving task mpp_c_app1.domain.Bilet 
2024-04-02 14:26:15,437 [1] INFO DBRepoBilet - Saved 1 instances
2024-04-02 14:26:52,131 [1] INFO DBRepoPersoana - Initializing DBRepoPersoana...
2024-04-02 14:26:52,159 [1] INFO DBRepoArtist - Initializing DBRepoArtist...
2024-04-02 14:26:52,160 [1] INFO DBRepoBilet - Initializing DBRepoBilet...
2024-04-02 14:26:52,160 [1] INFO DBRepoSpectacol - Initializing DBRepoSpectacol...
2024-04-02 14:26:52,160 [1] INFO DBRepoArtist - Initializing DBRepoArtist...
2024-04-02 14:26:52,160 [1] INFO DBRepoClient - Initializing DBRepoClient...
2024-04-02 14:26:52,164 [1] INFO mpp_c_app1.Program - Logger-ul a fost ini?ializat cu succes.
2024-04-02 14:26:53,659 [1] INFO DBRepoArtist - findAll method called.
2024-04-02 14:26:53,708 [1] INFO DBRepoArtist - Found 2 artists
2024-04-02 14:26:53,708 [1] INFO DBRepoSpectacol - FindAll method called.
2024-04-02 14:26:53,711 [1] INFO DBRepoBilet - findAll method called.
2024-04-02 14:26:53,712 [1] INFO DBRepoBilet - findAll method called.
2024-04-02 14:26:53,712 [1] INFO DBRepoSpectacol - FindAll method called.
2024-04-02 14:26:53,713 [1] INFO DBRepoBilet - findAll method called.
2024-04-02 14:27:14,319 [1] INFO DBRepoArtist - findAll method called.
2024-04-02 14:27:14,320 [1] INFO DBRepoArtist - Found 2 artists
2024-04-02 14:27:14,320 [1] INFO DBRepoSpectacol - FindAll method called.
2024-04-02 14:27:14,321 [1] INFO DBRepoSpectacol - FindAll method called.
2024-04-02 14:27:14,322 [1] INFO DBRepoPersoana - save method called for persoana with id: 0
2024-04-02 14:27:14,334 [1] INFO DBRepoPersoana - FindAll method called.
2024-04-02 14:27:14,335 [1] INFO DBRepoPersoana - Found 11 persoane
2024-04-02 14:27:14,335 [1] INFO DBRepoClient - <log4net.Error>Exception during StringFormat: Input string was not in a correct format. <format>saving task {} </format><args>{}</args></log4net.Error>
2024-04-02 14:27:14,346 [1] INFO DBRepoClient - Saved 1 instances
2024-04-02 14:27:14,346 [1] INFO DBRepoClient - findAll method called.
2024-04-02 14:27:14,347 [1] INFO DBRepoClient - Found 5 clients
2024-04-02 14:27:14,347 [1] INFO DBRepoBilet - saving task mpp_c_app1.domain.Bilet 
2024-04-02 14:27:14,352 [1] INFO DBRepoBilet - Saved 1 instances
2024-04-02 14:30:45,584 [1] INFO DBRepoPersoana - Initializing DBRepoPersoana...
2024-04-02 14:30:45,620 [1] INFO DBRepoArtist - Initializing DBRepoArtist...
2024-04-02 14:30:45,620 [1] INFO DBRepoBilet - Initializing DBRepoBilet...
2024-04-02 14:30:45,621 [1] INFO DBRepoSpectacol - Initializing DBRepoSpectacol...
2024-04-02 14:30:45,621 [1] INFO DBRepoArtist - Initializing DBRepoArtist...
2024-04-02 14:30:45,621 [1] INFO DBRepoClient - Initializing DBRepoClient...
2024-04-02 14:30:45,637 [1] INFO mpp_c_app1.Program - Logger-ul a fost ini?ializat cu succes.
2024-04-02 14:30:46,799 [1] INFO DBRepoArtist - findAll method called.
2024-04-02 14:30:46,842 [1] INFO DBRepoArtist - Found 2 artists
2024-04-02 14:30:46,843 [1] INFO DBRepoSpectacol - FindAll method called.
2024-04-02 14:30:55,498 [1] INFO DBRepoBilet - findAll method called.
2024-04-02 14:31:25,969 [1] INFO DBRepoBilet - findAll method called.
2024-04-02 14:31:45,529 [1] INFO DBRepoSpectacol - FindAll method called.
2024-04-02 14:31:54,327 [1] INFO DBRepoBilet - findAll method called.
2024-04-02 14:33:27,521 [1] INFO DBRepoPersoana - Initializing DBRepoPersoana...
2024-04-02 14:33:27,552 [1] INFO DBRepoArtist - Initializing DBRepoArtist...
2024-04-02 14:33:27,552 [1] INFO DBRepoBilet - Initializing DBRepoBilet...
2024-04-02 14:33:27,552 [1] INFO DBRepoSpectacol - Initializing DBRepoSpectacol...
2024-04-02 14:33:27,553 [1] INFO DBRepoArtist - Initializing DBRepoArtist...
2024-04-02 14:33:27,553 [1] INFO DBRepoClient - Initializing DBRepoClient...
2024-04-02 14:33:27,568 [1] INFO mpp_c_app1.Program - Logger-ul a fost ini?ializat cu succes.
2024-04-02 14:33:31,032 [1] INFO DBRepoArtist - findAll method called.
2024-04-02 14:33:31,077 [1] INFO DBRepoArtist - Found 2 artists
2024-04-02 14:33:31,078 [1] INFO DBRepoSpectacol - FindAll method called.
2024-04-02 14:33:40,715 [1] INFO DBRepoBilet - findAll method called.
2024-04-02 14:33:50,006 [1] INFO DBRepoBilet - findAll method called.
2024-04-02 14:33:50,007 [1] INFO DBRepoSpectacol - FindAll method called.
2024-04-02 14:34:01,867 [1] INFO DBRepoBilet - findAll method called.
2024-04-02 14:35:03,788 [1] INFO DBRepoPersoana - Initializing DBRepoPersoana...
2024-04-02 14:35:03,817 [1] INFO DBRepoArtist - Initializing DBRepoArtist...
2024-04-02 14:35:03,817 [1] INFO DBRepoBilet - Initializing DBRepoBilet...
2024-04-02 14:35:03,817 [1] INFO DBRepoSpectacol - Initializing DBRepoSpectacol...
2024-04-02 14:35:03,817 [1] INFO DBRepoArtist - Initializing DBRepoArtist...
2024-04-02 14:35:03,818 [1] INFO DBRepoClient - Initializing DBRepoClient...
2024-04-02 14:35:03,821 [1] INFO mpp_c_app1.Program - Logger-ul a fost ini?ializat cu succes.
2024-04-02 14:35:13,607 [1] INFO DBRepoPersoana - Initializing DBRepoPersoana...
2024-04-02 14:35:13,638 [1] INFO DBRepoArtist - Initializing DBRepoArtist...
2024-04-02 14:35:13,638 [1] INFO DBRepoBilet - Initializing DBRepoBilet...
2024-04-02 14:35:13,638 [1] INFO DBRepoSpectacol - Initializing DBRepoSpectacol...
2024-04-02 14:35:13,639 [1] INFO DBRepoArtist - Initializing DBRepoArtist...
2024-04-02 14:35:13,639 [1] INFO DBRepoClient - Initializing DBRepoClient...
2024-04-02 14:35:13,652 [1] INFO mpp_c_app1.Program - Logger-ul a fost ini?ializat cu succes.
2024-04-02 14:35:15,390 [1] INFO DBRepoArtist - findAll method called.
2024-04-02 14:35:15,431 [1] INFO DBRepoArtist - Found 2 artists
2024-04-02 14:35:15,431 [1] INFO DBRepoSpectacol - FindAll method called.
2024-04-02 14:35:19,586 [1] INFO DBRepoBilet - findAll method called.
2024-04-02 14:35:20,264 [1] INFO DBRepoBilet - findAll method called.
2024-04-02 14:35:20,266 [1] INFO DBRepoSpectacol - FindAll method called.
2024-04-02 14:35:24,980 [1] INFO DBRepoBilet - findAll method called.
2024-04-02 14:36:10,857 [1] INFO DBRepoPersoana - Initializing DBRepoPersoana...
2024-04-02 14:36:10,890 [1] INFO DBRepoArtist - Initializing DBRepoArtist...
2024-04-02 14:36:10,891 [1] INFO DBRepoBilet - Initializing DBRepoBilet...
2024-04-02 14:36:10,891 [1] INFO DBRepoSpectacol - Initializing DBRepoSpectacol...
2024-04-02 14:36:10,892 [1] INFO DBRepoArtist - Initializing DBRepoArtist...
2024-04-02 14:36:10,892 [1] INFO DBRepoClient - Initializing DBRepoClient...
2024-04-02 14:36:10,896 [1] INFO mpp_c_app1.Program - Logger-ul a fost ini?ializat cu succes.
2024-04-02 14:36:12,920 [1] INFO DBRepoArtist - findAll method called.
2024-04-02 14:36:12,964 [1] INFO DBRepoArtist - Found 2 artists
2024-04-02 14:36:12,965 [1] INFO DBRepoSpectacol - FindAll method called.
2024-04-02 14:36:12,967 [1] INFO DBRepoBilet - findAll method called.
2024-04-02 14:36:12,968 [1] INFO DBRepoBilet - findAll method called.
2024-04-02 14:36:12,969 [1] INFO DBRepoSpectacol - FindAll method called.
2024-04-02 14:36:12,969 [1] INFO DBRepoBilet - findAll method called.
2024-04-02 14:38:41,505 [1] INFO DBRepoPersoana - Initializing DBRepoPersoana...
2024-04-02 14:38:41,539 [1] INFO DBRepoArtist - Initializing DBRepoArtist...
2024-04-02 14:38:41,539 [1] INFO DBRepoBilet - Initializing DBRepoBilet...
2024-04-02 14:38:41,539 [1] INFO DBRepoSpectacol - Initializing DBRepoSpectacol...
2024-04-02 14:38:41,539 [1] INFO DBRepoArtist - Initializing DBRepoArtist...
2024-04-02 14:38:41,539 [1] INFO DBRepoClient - Initializing DBRepoClient...
2024-04-02 14:38:41,543 [1] INFO mpp_c_app1.Program - Logger-ul a fost ini?ializat cu succes.
2024-04-02 14:39:54,192 [1] INFO DBRepoPersoana - Initializing DBRepoPersoana...
2024-04-02 14:39:54,221 [1] INFO DBRepoArtist - Initializing DBRepoArtist...
2024-04-02 14:39:54,221 [1] INFO DBRepoBilet - Initializing DBRepoBilet...
2024-04-02 14:39:54,221 [1] INFO DBRepoSpectacol - Initializing DBRepoSpectacol...
2024-04-02 14:39:54,222 [1] INFO DBRepoArtist - Initializing DBRepoArtist...
2024-04-02 14:39:54,222 [1] INFO DBRepoClient - Initializing DBRepoClient...
2024-04-02 14:39:54,227 [1] INFO mpp_c_app1.Program - Logger-ul a fost ini?ializat cu succes.
2024-04-02 14:39:55,904 [1] INFO DBRepoArtist - findAll method called.
2024-04-02 14:39:55,953 [1] INFO DBRepoArtist - Found 2 artists
2024-04-02 14:39:55,954 [1] INFO DBRepoSpectacol - FindAll method called.
2024-04-02 14:39:55,956 [1] INFO DBRepoBilet - findAll method called.
2024-04-02 14:39:55,957 [1] INFO DBRepoBilet - findAll method called.
2024-04-02 14:39:55,958 [1] INFO DBRepoSpectacol - FindAll method called.
2024-04-02 14:39:55,959 [1] INFO DBRepoBilet - findAll method called.
2024-04-02 14:40:16,339 [1] INFO DBRepoArtist - findAll method called.
2024-04-02 14:40:16,340 [1] INFO DBRepoArtist - Found 2 artists
2024-04-02 14:40:16,341 [1] INFO DBRepoSpectacol - FindAll method called.
2024-04-02 14:40:16,344 [1] INFO DBRepoPersoana - save method called for persoana with id: 0
2024-04-02 14:40:16,359 [1] INFO DBRepoPersoana - FindAll method called.
2024-04-02 14:40:16,360 [1] INFO DBRepoPersoana - Found 9 persoane
2024-04-02 14:40:16,361 [1] INFO DBRepoClient - <log4net.Error>Exception during StringFormat: Input string was not in a correct format. <format>saving task {} </format><args>{}</args></log4net.Error>
2024-04-02 14:40:16,371 [1] INFO DBRepoClient - Saved 1 instances
2024-04-02 14:40:16,372 [1] INFO DBRepoClient - findAll method called.
2024-04-02 14:40:16,372 [1] INFO DBRepoClient - Found 2 clients
2024-04-02 14:40:16,373 [1] INFO DBRepoBilet - saving task mpp_c_app1.domain.Bilet 
2024-04-02 14:40:16,377 [1] INFO DBRepoBilet - Saved 1 instances
2024-04-02 14:40:17,798 [1] INFO DBRepoArtist - findAll method called.
2024-04-02 14:40:17,799 [1] INFO DBRepoArtist - Found 2 artists
2024-04-02 14:40:17,799 [1] INFO DBRepoSpectacol - FindAll method called.
2024-04-02 14:40:17,799 [1] INFO DBRepoBilet - findAll method called.
2024-04-02 14:40:17,799 [1] INFO DBRepoBilet - findAll method called.
2024-04-02 14:40:17,800 [1] INFO DBRepoSpectacol - FindAll method called.
2024-04-02 14:40:17,800 [1] INFO DBRepoBilet - findAll method called.
2024-04-02 14:40:58,469 [1] INFO DBRepoPersoana - Initializing DBRepoPersoana...
2024-04-02 14:40:58,501 [1] INFO DBRepoArtist - Initializing DBRepoArtist...
2024-04-02 14:40:58,501 [1] INFO DBRepoBilet - Initializing DBRepoBilet...
2024-04-02 14:40:58,501 [1] INFO DBRepoSpectacol - Initializing DBRepoSpectacol...
2024-04-02 14:40:58,501 [1] INFO DBRepoArtist - Initializing DBRepoArtist...
2024-04-02 14:40:58,501 [1] INFO DBRepoClient - Initializing DBRepoClient...
2024-04-02 14:40:58,505 [1] INFO mpp_c_app1.Program - Logger-ul a fost ini?ializat cu succes.
2024-04-02 14:40:59,830 [1] INFO DBRepoArtist - findAll method called.
2024-04-02 14:40:59,875 [1] INFO DBRepoArtist - Found 2 artists
2024-04-02 14:40:59,876 [1] INFO DBRepoSpectacol - FindAll method called.
2024-04-02 14:40:59,878 [1] INFO DBRepoBilet - findAll method called.
2024-04-02 14:40:59,879 [1] INFO DBRepoBilet - findAll method called.
2024-04-02 14:40:59,879 [1] INFO DBRepoSpectacol - FindAll method called.
2024-04-02 14:40:59,880 [1] INFO DBRepoBilet - findAll method called.
2024-04-02 14:41:02,713 [1] INFO DBRepoArtist - findAll method called.
2024-04-02 14:41:02,714 [1] INFO DBRepoArtist - Found 2 artists
2024-04-02 14:41:02,714 [1] INFO DBRepoSpectacol - FindAll method called.
2024-04-02 14:41:20,221 [1] INFO DBRepoArtist - findAll method called.
2024-04-02 14:41:20,223 [1] INFO DBRepoArtist - Found 2 artists
2024-04-02 14:41:20,223 [1] INFO DBRepoSpectacol - FindAll method called.
2024-04-02 14:41:20,225 [1] INFO DBRepoPersoana - save method called for persoana with id: 0
2024-04-02 14:41:20,236 [1] INFO DBRepoPersoana - FindAll method called.
2024-04-02 14:41:20,237 [1] INFO DBRepoPersoana - Found 10 persoane
2024-04-02 14:41:20,238 [1] INFO DBRepoClient - <log4net.Error>Exception during StringFormat: Input string was not in a correct format. <format>saving task {} </format><args>{}</args></log4net.Error>
2024-04-02 14:41:20,254 [1] INFO DBRepoClient - Saved 1 instances
2024-04-02 14:41:20,254 [1] INFO DBRepoClient - findAll method called.
2024-04-02 14:41:20,256 [1] INFO DBRepoClient - Found 3 clients
2024-04-02 14:41:20,257 [1] INFO DBRepoBilet - saving task mpp_c_app1.domain.Bilet 
2024-04-02 14:41:20,262 [1] INFO DBRepoBilet - Saved 1 instances
2024-04-02 14:41:21,555 [1] INFO DBRepoArtist - findAll method called.
2024-04-02 14:41:21,556 [1] INFO DBRepoArtist - Found 2 artists
2024-04-02 14:41:21,556 [1] INFO DBRepoSpectacol - FindAll method called.
2024-04-02 14:41:21,558 [1] INFO DBRepoBilet - findAll method called.
2024-04-02 14:41:21,559 [1] INFO DBRepoBilet - findAll method called.
2024-04-02 14:41:21,561 [1] INFO DBRepoSpectacol - FindAll method called.
2024-04-02 14:41:21,562 [1] INFO DBRepoBilet - findAll method called.
2024-04-02 14:46:20,437 [1] INFO DBRepoPersoana - Initializing DBRepoPersoana...
2024-04-02 14:46:20,468 [1] INFO DBRepoArtist - Initializing DBRepoArtist...
2024-04-02 14:46:20,468 [1] INFO DBRepoBilet - Initializing DBRepoBilet...
2024-04-02 14:46:20,468 [1] INFO DBRepoSpectacol - Initializing DBRepoSpectacol...
2024-04-02 14:46:20,468 [1] INFO DBRepoArtist - Initializing DBRepoArtist...
2024-04-02 14:46:20,468 [1] INFO DBRepoClient - Initializing DBRepoClient...
2024-04-02 14:46:20,471 [1] INFO mpp_c_app1.Program - Logger-ul a fost ini?ializat cu succes.
2024-04-02 14:46:26,537 [1] INFO DBRepoArtist - findAll method called.
2024-04-02 14:46:26,591 [1] INFO DBRepoArtist - Found 2 artists
2024-04-02 14:46:26,592 [1] INFO DBRepoSpectacol - FindAll method called.
2024-04-02 14:46:26,596 [1] INFO DBRepoBilet - findAll method called.
2024-04-02 14:46:26,597 [1] INFO DBRepoBilet - findAll method called.
2024-04-02 14:46:26,597 [1] INFO DBRepoSpectacol - FindAll method called.
2024-04-02 14:46:26,598 [1] INFO DBRepoBilet - findAll method called.
2024-04-02 14:46:34,201 [1] INFO DBRepoArtist - findAll method called.
2024-04-02 14:46:34,202 [1] INFO DBRepoArtist - Found 2 artists
2024-04-02 14:46:34,202 [1] INFO DBRepoSpectacol - FindAll method called.
2024-04-02 14:46:34,202 [1] INFO DBRepoBilet - findAll method called.
2024-04-02 14:46:34,203 [1] INFO DBRepoSpectacol - FindAll method called.
2024-04-02 14:46:39,067 [1] INFO DBRepoArtist - findAll method called.
2024-04-02 14:46:39,069 [1] INFO DBRepoArtist - Found 2 artists
2024-04-02 14:46:39,069 [1] INFO DBRepoSpectacol - FindAll method called.
2024-04-02 14:47:02,151 [1] INFO DBRepoArtist - findAll method called.
2024-04-02 14:47:02,152 [1] INFO DBRepoArtist - Found 2 artists
2024-04-02 14:47:02,152 [1] INFO DBRepoSpectacol - FindAll method called.
2024-04-02 14:47:02,153 [1] INFO DBRepoPersoana - save method called for persoana with id: 0
2024-04-02 14:47:02,163 [1] INFO DBRepoPersoana - FindAll method called.
2024-04-02 14:47:02,163 [1] INFO DBRepoPersoana - Found 11 persoane
2024-04-02 14:47:02,164 [1] INFO DBRepoClient - <log4net.Error>Exception during StringFormat: Input string was not in a correct format. <format>saving task {} </format><args>{}</args></log4net.Error>
2024-04-02 14:47:02,174 [1] INFO DBRepoClient - Saved 1 instances
2024-04-02 14:47:02,174 [1] INFO DBRepoClient - findAll method called.
2024-04-02 14:47:02,175 [1] INFO DBRepoClient - Found 4 clients
2024-04-02 14:47:02,175 [1] INFO DBRepoBilet - saving task mpp_c_app1.domain.Bilet 
2024-04-02 14:47:02,181 [1] INFO DBRepoBilet - Saved 1 instances
2024-04-02 14:47:04,184 [1] INFO DBRepoArtist - findAll method called.
2024-04-02 14:47:04,185 [1] INFO DBRepoArtist - Found 2 artists
2024-04-02 14:47:04,185 [1] INFO DBRepoSpectacol - FindAll method called.
2024-04-02 14:47:04,185 [1] INFO DBRepoBilet - findAll method called.
2024-04-02 14:47:04,186 [1] INFO DBRepoSpectacol - FindAll method called.
2024-04-02 15:13:40,736 [1] INFO DBRepoPersoana - Initializing DBRepoPersoana...
2024-04-02 15:13:40,775 [1] INFO DBRepoArtist - Initializing DBRepoArtist...
2024-04-02 15:13:40,776 [1] INFO DBRepoBilet - Initializing DBRepoBilet...
2024-04-02 15:13:40,776 [1] INFO DBRepoSpectacol - Initializing DBRepoSpectacol...
2024-04-02 15:13:40,776 [1] INFO DBRepoArtist - Initializing DBRepoArtist...
2024-04-02 15:13:40,777 [1] INFO DBRepoClient - Initializing DBRepoClient...
2024-04-02 15:13:40,795 [1] INFO mpp_c_app1.Program - Logger-ul a fost ini?ializat cu succes.
2024-04-02 15:26:30,719 [1] INFO DBRepoPersoana - Initializing DBRepoPersoana...
2024-04-02 15:26:30,753 [1] INFO DBRepoArtist - Initializing DBRepoArtist...
2024-04-02 15:26:30,753 [1] INFO DBRepoBilet - Initializing DBRepoBilet...
2024-04-02 15:26:30,754 [1] INFO DBRepoSpectacol - Initializing DBRepoSpectacol...
2024-04-02 15:26:30,754 [1] INFO DBRepoArtist - Initializing DBRepoArtist...
2024-04-02 15:26:30,754 [1] INFO DBRepoClient - Initializing DBRepoClient...
2024-04-02 15:26:30,769 [1] INFO mpp_c_app1.Program - Logger-ul a fost ini?ializat cu succes.
2024-04-02 15:28:29,369 [1] INFO DBRepoPersoana - Initializing DBRepoPersoana...
2024-04-02 15:28:29,403 [1] INFO DBRepoArtist - Initializing DBRepoArtist...
2024-04-02 15:28:29,404 [1] INFO DBRepoBilet - Initializing DBRepoBilet...
2024-04-02 15:28:29,404 [1] INFO DBRepoSpectacol - Initializing DBRepoSpectacol...
2024-04-02 15:28:29,404 [1] INFO DBRepoArtist - Initializing DBRepoArtist...
2024-04-02 15:28:29,404 [1] INFO DBRepoClient - Initializing DBRepoClient...
2024-04-02 15:28:29,419 [1] INFO mpp_c_app1.Program - Logger-ul a fost ini?ializat cu succes.
2024-04-02 15:28:50,042 [1] INFO DBRepoPersoana - Initializing DBRepoPersoana...
2024-04-02 15:28:50,076 [1] INFO DBRepoArtist - Initializing DBRepoArtist...
2024-04-02 15:28:50,076 [1] INFO DBRepoBilet - Initializing DBRepoBilet...
2024-04-02 15:28:50,076 [1] INFO DBRepoSpectacol - Initializing DBRepoSpectacol...
2024-04-02 15:28:50,077 [1] INFO DBRepoArtist - Initializing DBRepoArtist...
2024-04-02 15:28:50,077 [1] INFO DBRepoClient - Initializing DBRepoClient...
2024-04-02 15:28:50,080 [1] INFO mpp_c_app1.Program - Logger-ul a fost ini?ializat cu succes.
2024-04-02 15:31:52,105 [1] INFO DBRepoPersoana - Initializing DBRepoPersoana...
2024-04-02 15:31:52,136 [1] INFO DBRepoArtist - Initializing DBRepoArtist...
2024-04-02 15:31:52,136 [1] INFO DBRepoBilet - Initializing DBRepoBilet...
2024-04-02 15:31:52,136 [1] INFO DBRepoSpectacol - Initializing DBRepoSpectacol...
2024-04-02 15:31:52,137 [1] INFO DBRepoArtist - Initializing DBRepoArtist...
2024-04-02 15:31:52,137 [1] INFO DBRepoClient - Initializing DBRepoClient...
2024-04-02 15:31:52,140 [1] INFO mpp_c_app1.Program - Logger-ul a fost ini?ializat cu succes.
2024-04-02 15:33:11,146 [1] INFO DBRepoPersoana - Initializing DBRepoPersoana...
2024-04-02 15:33:11,177 [1] INFO DBRepoArtist - Initializing DBRepoArtist...
2024-04-02 15:33:11,177 [1] INFO DBRepoBilet - Initializing DBRepoBilet...
2024-04-02 15:33:11,177 [1] INFO DBRepoSpectacol - Initializing DBRepoSpectacol...
2024-04-02 15:33:11,178 [1] INFO DBRepoArtist - Initializing DBRepoArtist...
2024-04-02 15:33:11,178 [1] INFO DBRepoClient - Initializing DBRepoClient...
2024-04-02 15:33:11,194 [1] INFO mpp_c_app1.Program - Logger-ul a fost ini?ializat cu succes.
2024-04-02 15:37:02,561 [1] INFO DBRepoPersoana - Initializing DBRepoPersoana...
2024-04-02 15:37:02,592 [1] INFO DBRepoArtist - Initializing DBRepoArtist...
2024-04-02 15:37:02,592 [1] INFO DBRepoBilet - Initializing DBRepoBilet...
2024-04-02 15:37:02,593 [1] INFO DBRepoSpectacol - Initializing DBRepoSpectacol...
2024-04-02 15:37:02,593 [1] INFO DBRepoArtist - Initializing DBRepoArtist...
2024-04-02 15:37:02,593 [1] INFO DBRepoClient - Initializing DBRepoClient...
2024-04-02 15:37:02,597 [1] INFO mpp_c_app1.Program - Logger-ul a fost ini?ializat cu succes.
2024-04-02 15:37:15,296 [1] INFO DBRepoArtist - findAll method called.
2024-04-02 15:37:15,300 [1] INFO DBRepoArtist - Found 2 artists
2024-04-02 15:37:15,300 [1] INFO DBRepoSpectacol - FindAll method called.
2024-04-02 15:37:15,303 [1] INFO DBRepoBilet - findAll method called.
2024-04-02 15:37:15,304 [1] INFO DBRepoBilet - findAll method called.
2024-04-02 15:37:15,305 [1] INFO DBRepoSpectacol - FindAll method called.
2024-04-02 15:37:15,305 [1] INFO DBRepoBilet - findAll method called.
2024-04-02 15:37:36,691 [1] INFO DBRepoPersoana - Initializing DBRepoPersoana...
2024-04-02 15:37:36,721 [1] INFO DBRepoArtist - Initializing DBRepoArtist...
2024-04-02 15:37:36,721 [1] INFO DBRepoBilet - Initializing DBRepoBilet...
2024-04-02 15:37:36,721 [1] INFO DBRepoSpectacol - Initializing DBRepoSpectacol...
2024-04-02 15:37:36,722 [1] INFO DBRepoArtist - Initializing DBRepoArtist...
2024-04-02 15:37:36,722 [1] INFO DBRepoClient - Initializing DBRepoClient...
2024-04-02 15:37:36,725 [1] INFO mpp_c_app1.Program - Logger-ul a fost ini?ializat cu succes.
2024-04-02 15:37:58,331 [1] INFO DBRepoPersoana - Initializing DBRepoPersoana...
2024-04-02 15:37:58,365 [1] INFO DBRepoArtist - Initializing DBRepoArtist...
2024-04-02 15:37:58,365 [1] INFO DBRepoBilet - Initializing DBRepoBilet...
2024-04-02 15:37:58,365 [1] INFO DBRepoSpectacol - Initializing DBRepoSpectacol...
2024-04-02 15:37:58,365 [1] INFO DBRepoArtist - Initializing DBRepoArtist...
2024-04-02 15:37:58,365 [1] INFO DBRepoClient - Initializing DBRepoClient...
2024-04-02 15:37:58,369 [1] INFO mpp_c_app1.Program - Logger-ul a fost ini?ializat cu succes.
2024-04-02 15:38:36,336 [1] INFO DBRepoPersoana - Initializing DBRepoPersoana...
2024-04-02 15:38:36,371 [1] INFO DBRepoArtist - Initializing DBRepoArtist...
2024-04-02 15:38:36,372 [1] INFO DBRepoBilet - Initializing DBRepoBilet...
2024-04-02 15:38:36,372 [1] INFO DBRepoSpectacol - Initializing DBRepoSpectacol...
2024-04-02 15:38:36,372 [1] INFO DBRepoArtist - Initializing DBRepoArtist...
2024-04-02 15:38:36,372 [1] INFO DBRepoClient - Initializing DBRepoClient...
2024-04-02 15:38:36,386 [1] INFO mpp_c_app1.Program - Logger-ul a fost ini?ializat cu succes.
2024-04-02 15:39:27,771 [1] INFO DBRepoPersoana - Initializing DBRepoPersoana...
2024-04-02 15:39:27,803 [1] INFO DBRepoArtist - Initializing DBRepoArtist...
2024-04-02 15:39:27,803 [1] INFO DBRepoBilet - Initializing DBRepoBilet...
2024-04-02 15:39:27,804 [1] INFO DBRepoSpectacol - Initializing DBRepoSpectacol...
2024-04-02 15:39:27,804 [1] INFO DBRepoArtist - Initializing DBRepoArtist...
2024-04-02 15:39:27,804 [1] INFO DBRepoClient - Initializing DBRepoClient...
2024-04-02 15:39:27,807 [1] INFO mpp_c_app1.Program - Logger-ul a fost ini?ializat cu succes.
2024-04-02 15:39:55,959 [1] INFO DBRepoPersoana - Initializing DBRepoPersoana...
2024-04-02 15:39:55,994 [1] INFO DBRepoArtist - Initializing DBRepoArtist...
2024-04-02 15:39:55,994 [1] INFO DBRepoBilet - Initializing DBRepoBilet...
2024-04-02 15:39:55,994 [1] INFO DBRepoSpectacol - Initializing DBRepoSpectacol...
2024-04-02 15:39:55,995 [1] INFO DBRepoArtist - Initializing DBRepoArtist...
2024-04-02 15:39:55,995 [1] INFO DBRepoClient - Initializing DBRepoClient...
2024-04-02 15:39:55,999 [1] INFO mpp_c_app1.Program - Logger-ul a fost ini?ializat cu succes.
2024-04-02 15:40:41,162 [1] INFO DBRepoPersoana - Initializing DBRepoPersoana...
2024-04-02 15:40:41,207 [1] INFO DBRepoArtist - Initializing DBRepoArtist...
2024-04-02 15:40:41,208 [1] INFO DBRepoBilet - Initializing DBRepoBilet...
2024-04-02 15:40:41,208 [1] INFO DBRepoSpectacol - Initializing DBRepoSpectacol...
2024-04-02 15:40:41,208 [1] INFO DBRepoArtist - Initializing DBRepoArtist...
2024-04-02 15:40:41,208 [1] INFO DBRepoClient - Initializing DBRepoClient...
2024-04-02 15:40:41,212 [1] INFO mpp_c_app1.Program - Logger-ul a fost ini?ializat cu succes.
2024-04-02 15:41:06,210 [1] INFO DBRepoPersoana - Initializing DBRepoPersoana...
2024-04-02 15:41:06,251 [1] INFO DBRepoArtist - Initializing DBRepoArtist...
2024-04-02 15:41:06,252 [1] INFO DBRepoBilet - Initializing DBRepoBilet...
2024-04-02 15:41:06,252 [1] INFO DBRepoSpectacol - Initializing DBRepoSpectacol...
2024-04-02 15:41:06,253 [1] INFO DBRepoArtist - Initializing DBRepoArtist...
2024-04-02 15:41:06,253 [1] INFO DBRepoClient - Initializing DBRepoClient...
2024-04-02 15:41:06,258 [1] INFO mpp_c_app1.Program - Logger-ul a fost ini?ializat cu succes.
2024-04-02 15:41:16,046 [1] INFO DBRepoArtist - findAll method called.
2024-04-02 15:41:16,051 [1] INFO DBRepoArtist - Found 2 artists
2024-04-02 15:41:16,052 [1] INFO DBRepoSpectacol - FindAll method called.
2024-04-02 15:41:16,054 [1] INFO DBRepoBilet - findAll method called.
2024-04-02 15:41:16,057 [1] INFO DBRepoBilet - findAll method called.
2024-04-02 15:41:16,058 [1] INFO DBRepoSpectacol - FindAll method called.
2024-04-02 15:41:16,058 [1] INFO DBRepoBilet - findAll method called.
2024-04-02 15:52:04,335 [1] INFO DBRepoPersoana - Initializing DBRepoPersoana...
2024-04-02 15:52:04,369 [1] INFO DBRepoArtist - Initializing DBRepoArtist...
2024-04-02 15:52:04,369 [1] INFO DBRepoBilet - Initializing DBRepoBilet...
2024-04-02 15:52:04,369 [1] INFO DBRepoSpectacol - Initializing DBRepoSpectacol...
2024-04-02 15:52:04,369 [1] INFO DBRepoArtist - Initializing DBRepoArtist...
2024-04-02 15:52:04,369 [1] INFO DBRepoClient - Initializing DBRepoClient...
2024-04-02 15:52:04,373 [1] INFO mpp_c_app1.Program - Logger-ul a fost ini?ializat cu succes.
2024-04-02 15:52:15,937 [1] INFO DBRepoArtist - findAll method called.
2024-04-02 15:52:15,944 [1] INFO DBRepoArtist - Found 2 artists
2024-04-02 15:52:15,945 [1] INFO DBRepoSpectacol - FindAll method called.
2024-04-02 15:52:15,948 [1] INFO DBRepoBilet - findAll method called.
2024-04-02 15:52:15,950 [1] INFO DBRepoBilet - findAll method called.
2024-04-02 15:52:15,951 [1] INFO DBRepoSpectacol - FindAll method called.
2024-04-02 15:52:15,951 [1] INFO DBRepoBilet - findAll method called.
2024-04-02 17:51:04,354 [1] INFO DBRepoPersoana - Initializing DBRepoPersoana...
2024-04-02 17:51:04,385 [1] INFO DBRepoArtist - Initializing DBRepoArtist...
2024-04-02 17:51:04,385 [1] INFO DBRepoBilet - Initializing DBRepoBilet...
2024-04-02 17:51:04,385 [1] INFO DBRepoSpectacol - Initializing DBRepoSpectacol...
2024-04-02 17:51:04,386 [1] INFO DBRepoArtist - Initializing DBRepoArtist...
2024-04-02 17:51:04,386 [1] INFO DBRepoClient - Initializing DBRepoClient...
2024-04-02 17:51:04,389 [1] INFO mpp_c_app1.Program - Logger-ul a fost ini?ializat cu succes.
2024-04-02 17:51:51,974 [1] INFO DBRepoPersoana - Initializing DBRepoPersoana...
2024-04-02 17:51:52,008 [1] INFO DBRepoArtist - Initializing DBRepoArtist...
2024-04-02 17:51:52,008 [1] INFO DBRepoBilet - Initializing DBRepoBilet...
2024-04-02 17:51:52,008 [1] INFO DBRepoSpectacol - Initializing DBRepoSpectacol...
2024-04-02 17:51:52,009 [1] INFO DBRepoArtist - Initializing DBRepoArtist...
2024-04-02 17:51:52,009 [1] INFO DBRepoClient - Initializing DBRepoClient...
2024-04-02 17:51:52,039 [1] INFO mpp_c_app1.Program - Logger-ul a fost ini?ializat cu succes.
2024-04-02 17:53:39,078 [1] INFO DBRepoArtist - findAll method called.
2024-04-02 17:53:39,082 [1] INFO DBRepoArtist - Found 2 artists
2024-04-02 17:53:39,083 [1] INFO DBRepoSpectacol - FindAll method called.
2024-04-02 17:53:50,212 [1] INFO DBRepoPersoana - Initializing DBRepoPersoana...
2024-04-02 17:53:50,243 [1] INFO DBRepoArtist - Initializing DBRepoArtist...
2024-04-02 17:53:50,244 [1] INFO DBRepoBilet - Initializing DBRepoBilet...
2024-04-02 17:53:50,244 [1] INFO DBRepoSpectacol - Initializing DBRepoSpectacol...
2024-04-02 17:53:50,244 [1] INFO DBRepoArtist - Initializing DBRepoArtist...
2024-04-02 17:53:50,244 [1] INFO DBRepoClient - Initializing DBRepoClient...
2024-04-02 17:53:50,261 [1] INFO mpp_c_app1.Program - Logger-ul a fost ini?ializat cu succes.
2024-04-02 17:58:56,466 [1] INFO DBRepoPersoana - Initializing DBRepoPersoana...
2024-04-02 17:58:56,491 [1] INFO DBRepoArtist - Initializing DBRepoArtist...
2024-04-02 17:58:56,491 [1] INFO DBRepoBilet - Initializing DBRepoBilet...
2024-04-02 17:58:56,491 [1] INFO DBRepoSpectacol - Initializing DBRepoSpectacol...
2024-04-02 17:58:56,492 [1] INFO DBRepoArtist - Initializing DBRepoArtist...
2024-04-02 17:58:56,492 [1] INFO DBRepoClient - Initializing DBRepoClient...
2024-04-02 17:58:56,494 [1] INFO mpp_c_app1.Program - Logger-ul a fost ini?ializat cu succes.
2024-04-02 17:59:19,688 [1] INFO DBRepoArtist - findAll method called.
2024-04-02 17:59:19,691 [1] INFO DBRepoArtist - Found 2 artists
2024-04-02 17:59:19,692 [1] INFO DBRepoSpectacol - FindAll method called.
2024-04-02 17:59:19,693 [1] INFO DBRepoBilet - findAll method called.
2024-04-02 17:59:19,694 [1] INFO DBRepoBilet - findAll method called.
2024-04-02 17:59:19,695 [1] INFO DBRepoSpectacol - FindAll method called.
2024-04-02 17:59:19,695 [1] INFO DBRepoBilet - findAll method called.
2024-04-02 17:59:48,306 [1] INFO DBRepoArtist - findAll method called.
2024-04-02 17:59:48,308 [1] INFO DBRepoArtist - Found 2 artists
2024-04-02 17:59:48,308 [1] INFO DBRepoSpectacol - FindAll method called.
2024-04-02 17:59:48,309 [1] INFO DBRepoPersoana - save method called for persoana with id: 0
2024-04-02 17:59:48,316 [1] INFO DBRepoPersoana - FindAll method called.
2024-04-02 17:59:48,317 [1] INFO DBRepoPersoana - Found 12 persoane
2024-04-02 17:59:48,317 [1] INFO DBRepoClient - <log4net.Error>Exception during StringFormat: Input string was not in a correct format. <format>saving task {} </format><args>{}</args></log4net.Error>
2024-04-02 17:59:48,328 [1] INFO DBRepoClient - Saved 1 instances
2024-04-02 17:59:48,328 [1] INFO DBRepoClient - findAll method called.
2024-04-02 17:59:48,329 [1] INFO DBRepoClient - Found 5 clients
2024-04-02 17:59:48,329 [1] INFO DBRepoBilet - saving task mpp_c_app1.domain.Bilet 
2024-04-02 17:59:48,334 [1] INFO DBRepoBilet - Saved 1 instances
2024-04-02 17:59:49,968 [1] INFO DBRepoArtist - findAll method called.
2024-04-02 17:59:49,968 [1] INFO DBRepoArtist - Found 2 artists
2024-04-02 17:59:49,968 [1] INFO DBRepoSpectacol - FindAll method called.
2024-04-02 17:59:49,969 [1] INFO DBRepoBilet - findAll method called.
2024-04-02 17:59:49,969 [1] INFO DBRepoBilet - findAll method called.
2024-04-02 17:59:49,970 [1] INFO DBRepoSpectacol - FindAll method called.
2024-04-02 17:59:49,970 [1] INFO DBRepoBilet - findAll method called.
2024-04-02 17:59:55,792 [1] INFO DBRepoArtist - findAll method called.
2024-04-02 17:59:55,793 [1] INFO DBRepoArtist - Found 2 artists
2024-04-02 17:59:55,794 [1] INFO DBRepoSpectacol - FindAll method called.
2024-04-02 17:59:55,794 [1] INFO DBRepoBilet - findAll method called.
2024-04-02 17:59:55,795 [1] INFO DBRepoSpectacol - FindAll method called.
2024-04-02 18:00:08,185 [1] INFO DBRepoArtist - findAll method called.
2024-04-02 18:00:08,186 [1] INFO DBRepoArtist - Found 2 artists
2024-04-02 18:00:08,186 [1] INFO DBRepoSpectacol - FindAll method called.
2024-04-02 18:00:08,187 [1] INFO DBRepoPersoana - save method called for persoana with id: 0
2024-04-02 18:00:08,192 [1] INFO DBRepoPersoana - FindAll method called.
2024-04-02 18:00:08,193 [1] INFO DBRepoPersoana - Found 13 persoane
2024-04-02 18:00:08,193 [1] INFO DBRepoClient - <log4net.Error>Exception during StringFormat: Input string was not in a correct format. <format>saving task {} </format><args>{}</args></log4net.Error>
2024-04-02 18:00:08,197 [1] INFO DBRepoClient - Saved 1 instances
2024-04-02 18:00:08,197 [1] INFO DBRepoClient - findAll method called.
2024-04-02 18:00:08,198 [1] INFO DBRepoClient - Found 6 clients
2024-04-02 18:00:08,198 [1] INFO DBRepoBilet - saving task mpp_c_app1.domain.Bilet 
2024-04-02 18:00:08,201 [1] INFO DBRepoBilet - Saved 1 instances
2024-04-02 18:00:09,727 [1] INFO DBRepoArtist - findAll method called.
2024-04-02 18:00:09,728 [1] INFO DBRepoArtist - Found 2 artists
2024-04-02 18:00:09,728 [1] INFO DBRepoSpectacol - FindAll method called.
2024-04-02 18:00:09,729 [1] INFO DBRepoBilet - findAll method called.
2024-04-02 18:00:09,729 [1] INFO DBRepoSpectacol - FindAll method called.
2024-04-02 18:00:33,977 [1] INFO DBRepoPersoana - Initializing DBRepoPersoana...
2024-04-02 18:00:34,002 [1] INFO DBRepoArtist - Initializing DBRepoArtist...
2024-04-02 18:00:34,002 [1] INFO DBRepoBilet - Initializing DBRepoBilet...
2024-04-02 18:00:34,002 [1] INFO DBRepoSpectacol - Initializing DBRepoSpectacol...
2024-04-02 18:00:34,002 [1] INFO DBRepoArtist - Initializing DBRepoArtist...
2024-04-02 18:00:34,002 [1] INFO DBRepoClient - Initializing DBRepoClient...
2024-04-02 18:00:34,005 [1] INFO mpp_c_app1.Program - Logger-ul a fost ini?ializat cu succes.
2024-04-02 18:01:32,657 [1] INFO DBRepoPersoana - Initializing DBRepoPersoana...
2024-04-02 18:01:32,684 [1] INFO DBRepoArtist - Initializing DBRepoArtist...
2024-04-02 18:01:32,684 [1] INFO DBRepoBilet - Initializing DBRepoBilet...
2024-04-02 18:01:32,684 [1] INFO DBRepoSpectacol - Initializing DBRepoSpectacol...
2024-04-02 18:01:32,684 [1] INFO DBRepoArtist - Initializing DBRepoArtist...
2024-04-02 18:01:32,685 [1] INFO DBRepoClient - Initializing DBRepoClient...
2024-04-02 18:01:32,687 [1] INFO mpp_c_app1.Program - Logger-ul a fost ini?ializat cu succes.
2024-04-02 18:01:42,179 [1] INFO DBRepoArtist - findAll method called.
2024-04-02 18:01:42,183 [1] INFO DBRepoArtist - Found 2 artists
2024-04-02 18:01:42,183 [1] INFO DBRepoSpectacol - FindAll method called.
2024-04-02 18:01:42,185 [1] INFO DBRepoBilet - findAll method called.
2024-04-02 18:01:42,186 [1] INFO DBRepoBilet - findAll method called.
2024-04-02 18:01:42,187 [1] INFO DBRepoSpectacol - FindAll method called.
2024-04-02 18:01:42,187 [1] INFO DBRepoBilet - findAll method called.
2024-04-02 18:02:36,402 [1] INFO DBRepoPersoana - Initializing DBRepoPersoana...
2024-04-02 18:02:36,432 [1] INFO DBRepoArtist - Initializing DBRepoArtist...
2024-04-02 18:02:36,432 [1] INFO DBRepoBilet - Initializing DBRepoBilet...
2024-04-02 18:02:36,432 [1] INFO DBRepoSpectacol - Initializing DBRepoSpectacol...
2024-04-02 18:02:36,433 [1] INFO DBRepoArtist - Initializing DBRepoArtist...
2024-04-02 18:02:36,433 [1] INFO DBRepoClient - Initializing DBRepoClient...
2024-04-02 18:02:36,436 [1] INFO mpp_c_app1.Program - Logger-ul a fost ini?ializat cu succes.
2024-04-02 18:02:50,155 [1] INFO DBRepoArtist - findAll method called.
2024-04-02 18:02:50,158 [1] INFO DBRepoArtist - Found 2 artists
2024-04-02 18:02:50,158 [1] INFO DBRepoSpectacol - FindAll method called.
2024-04-02 18:02:50,160 [1] INFO DBRepoBilet - findAll method called.
2024-04-02 18:02:50,161 [1] INFO DBRepoBilet - findAll method called.
2024-04-02 18:02:50,161 [1] INFO DBRepoSpectacol - FindAll method called.
2024-04-02 18:02:50,161 [1] INFO DBRepoBilet - findAll method called.
2024-04-02 18:07:28,761 [1] INFO DBRepoPersoana - Initializing DBRepoPersoana...
2024-04-02 18:07:28,786 [1] INFO DBRepoArtist - Initializing DBRepoArtist...
2024-04-02 18:07:28,786 [1] INFO DBRepoBilet - Initializing DBRepoBilet...
2024-04-02 18:07:28,786 [1] INFO DBRepoSpectacol - Initializing DBRepoSpectacol...
2024-04-02 18:07:28,786 [1] INFO DBRepoArtist - Initializing DBRepoArtist...
2024-04-02 18:07:28,786 [1] INFO DBRepoClient - Initializing DBRepoClient...
2024-04-02 18:07:28,789 [1] INFO mpp_c_app1.Program - Logger-ul a fost ini?ializat cu succes.
2024-04-02 18:08:45,275 [1] INFO DBRepoPersoana - Initializing DBRepoPersoana...
2024-04-02 18:08:45,303 [1] INFO DBRepoArtist - Initializing DBRepoArtist...
2024-04-02 18:08:45,304 [1] INFO DBRepoBilet - Initializing DBRepoBilet...
2024-04-02 18:08:45,304 [1] INFO DBRepoSpectacol - Initializing DBRepoSpectacol...
2024-04-02 18:08:45,304 [1] INFO DBRepoArtist - Initializing DBRepoArtist...
2024-04-02 18:08:45,304 [1] INFO DBRepoClient - Initializing DBRepoClient...
2024-04-02 18:08:45,307 [1] INFO mpp_c_app1.Program - Logger-ul a fost ini?ializat cu succes.
2024-04-02 18:10:18,938 [1] INFO DBRepoPersoana - Initializing DBRepoPersoana...
2024-04-02 18:10:18,967 [1] INFO DBRepoArtist - Initializing DBRepoArtist...
2024-04-02 18:10:18,968 [1] INFO DBRepoBilet - Initializing DBRepoBilet...
2024-04-02 18:10:18,968 [1] INFO DBRepoSpectacol - Initializing DBRepoSpectacol...
2024-04-02 18:10:18,968 [1] INFO DBRepoArtist - Initializing DBRepoArtist...
2024-04-02 18:10:18,968 [1] INFO DBRepoClient - Initializing DBRepoClient...
2024-04-02 18:10:18,971 [1] INFO mpp_c_app1.Program - Logger-ul a fost ini?ializat cu succes.
2024-04-02 18:12:31,497 [1] INFO DBRepoPersoana - Initializing DBRepoPersoana...
2024-04-02 18:12:31,522 [1] INFO DBRepoArtist - Initializing DBRepoArtist...
2024-04-02 18:12:31,523 [1] INFO DBRepoBilet - Initializing DBRepoBilet...
2024-04-02 18:12:31,523 [1] INFO DBRepoSpectacol - Initializing DBRepoSpectacol...
2024-04-02 18:12:31,523 [1] INFO DBRepoArtist - Initializing DBRepoArtist...
2024-04-02 18:12:31,523 [1] INFO DBRepoClient - Initializing DBRepoClient...
2024-04-02 18:12:31,526 [1] INFO mpp_c_app1.Program - Logger-ul a fost ini?ializat cu succes.
2024-04-02 18:15:12,154 [1] INFO DBRepoPersoana - Initializing DBRepoPersoana...
2024-04-02 18:15:12,178 [1] INFO DBRepoArtist - Initializing DBRepoArtist...
2024-04-02 18:15:12,179 [1] INFO DBRepoBilet - Initializing DBRepoBilet...
2024-04-02 18:15:12,179 [1] INFO DBRepoSpectacol - Initializing DBRepoSpectacol...
2024-04-02 18:15:12,179 [1] INFO DBRepoArtist - Initializing DBRepoArtist...
2024-04-02 18:15:12,179 [1] INFO DBRepoClient - Initializing DBRepoClient...
2024-04-02 18:15:12,182 [1] INFO mpp_c_app1.Program - Logger-ul a fost ini?ializat cu succes.
2024-04-02 18:15:22,811 [1] INFO DBRepoArtist - findAll method called.
2024-04-02 18:15:22,815 [1] INFO DBRepoArtist - Found 2 artists
2024-04-02 18:15:22,815 [1] INFO DBRepoSpectacol - FindAll method called.
2024-04-02 18:15:22,817 [1] INFO DBRepoBilet - findAll method called.
2024-04-02 18:15:22,818 [1] INFO DBRepoBilet - findAll method called.
2024-04-02 18:15:22,818 [1] INFO DBRepoSpectacol - FindAll method called.
2024-04-02 18:15:22,819 [1] INFO DBRepoBilet - findAll method called.
2024-04-02 18:15:58,220 [1] INFO DBRepoPersoana - Initializing DBRepoPersoana...
2024-04-02 18:15:58,246 [1] INFO DBRepoArtist - Initializing DBRepoArtist...
2024-04-02 18:15:58,246 [1] INFO DBRepoBilet - Initializing DBRepoBilet...
2024-04-02 18:15:58,247 [1] INFO DBRepoSpectacol - Initializing DBRepoSpectacol...
2024-04-02 18:15:58,247 [1] INFO DBRepoArtist - Initializing DBRepoArtist...
2024-04-02 18:15:58,248 [1] INFO DBRepoClient - Initializing DBRepoClient...
2024-04-02 18:15:58,251 [1] INFO mpp_c_app1.Program - Logger-ul a fost ini?ializat cu succes.
2024-04-02 18:18:52,249 [1] INFO DBRepoPersoana - Initializing DBRepoPersoana...
2024-04-02 18:18:52,275 [1] INFO DBRepoArtist - Initializing DBRepoArtist...
2024-04-02 18:18:52,275 [1] INFO DBRepoBilet - Initializing DBRepoBilet...
2024-04-02 18:18:52,275 [1] INFO DBRepoSpectacol - Initializing DBRepoSpectacol...
2024-04-02 18:18:52,275 [1] INFO DBRepoArtist - Initializing DBRepoArtist...
2024-04-02 18:18:52,275 [1] INFO DBRepoClient - Initializing DBRepoClient...
2024-04-02 18:18:52,278 [1] INFO mpp_c_app1.Program - Logger-ul a fost ini?ializat cu succes.
2024-04-02 18:19:01,915 [1] INFO DBRepoArtist - findAll method called.
2024-04-02 18:19:01,919 [1] INFO DBRepoArtist - Found 2 artists
2024-04-02 18:19:01,919 [1] INFO DBRepoSpectacol - FindAll method called.
2024-04-02 18:19:01,921 [1] INFO DBRepoBilet - findAll method called.
2024-04-02 18:19:01,922 [1] INFO DBRepoBilet - findAll method called.
2024-04-02 18:19:01,923 [1] INFO DBRepoSpectacol - FindAll method called.
2024-04-02 18:19:01,923 [1] INFO DBRepoBilet - findAll method called.
2024-04-02 18:19:50,652 [1] INFO DBRepoArtist - findAll method called.
2024-04-02 18:19:50,653 [1] INFO DBRepoArtist - Found 2 artists
2024-04-02 18:19:50,653 [1] INFO DBRepoSpectacol - FindAll method called.
2024-04-02 18:19:50,655 [1] INFO DBRepoPersoana - save method called for persoana with id: 0
2024-04-02 18:19:50,661 [1] INFO DBRepoPersoana - FindAll method called.
2024-04-02 18:19:50,662 [1] INFO DBRepoPersoana - Found 14 persoane
2024-04-02 18:19:50,662 [1] INFO DBRepoClient - <log4net.Error>Exception during StringFormat: Input string was not in a correct format. <format>saving task {} </format><args>{}</args></log4net.Error>
2024-04-02 18:19:50,667 [1] INFO DBRepoClient - Saved 1 instances
2024-04-02 18:19:50,668 [1] INFO DBRepoClient - findAll method called.
2024-04-02 18:19:50,669 [1] INFO DBRepoClient - Found 7 clients
2024-04-02 18:19:50,669 [1] INFO DBRepoBilet - saving task mpp_c_app1.domain.Bilet 
2024-04-02 18:19:50,672 [1] INFO DBRepoBilet - Saved 1 instances
2024-04-02 18:19:52,681 [1] INFO DBRepoArtist - findAll method called.
2024-04-02 18:19:52,682 [1] INFO DBRepoArtist - Found 2 artists
2024-04-02 18:19:52,682 [1] INFO DBRepoSpectacol - FindAll method called.
2024-04-02 18:19:52,682 [1] INFO DBRepoBilet - findAll method called.
2024-04-02 18:19:52,683 [1] INFO DBRepoBilet - findAll method called.
2024-04-02 18:19:52,683 [1] INFO DBRepoSpectacol - FindAll method called.
2024-04-02 18:19:52,684 [1] INFO DBRepoBilet - findAll method called.
2024-04-02 18:20:31,669 [1] INFO DBRepoArtist - findAll method called.
2024-04-02 18:20:31,670 [1] INFO DBRepoArtist - Found 2 artists
2024-04-02 18:20:31,670 [1] INFO DBRepoSpectacol - FindAll method called.
2024-04-02 18:20:31,671 [1] INFO DBRepoPersoana - save method called for persoana with id: 0
2024-04-02 18:20:31,677 [1] INFO DBRepoPersoana - FindAll method called.
2024-04-02 18:20:31,678 [1] INFO DBRepoPersoana - Found 15 persoane
2024-04-02 18:20:31,678 [1] INFO DBRepoClient - <log4net.Error>Exception during StringFormat: Input string was not in a correct format. <format>saving task {} </format><args>{}</args></log4net.Error>
2024-04-02 18:20:31,682 [1] INFO DBRepoClient - Saved 1 instances
2024-04-02 18:20:31,682 [1] INFO DBRepoClient - findAll method called.
2024-04-02 18:20:31,682 [1] INFO DBRepoClient - Found 8 clients
2024-04-02 18:20:31,682 [1] INFO DBRepoBilet - saving task mpp_c_app1.domain.Bilet 
2024-04-02 18:20:31,685 [1] INFO DBRepoBilet - Saved 1 instances
2024-04-02 18:20:34,148 [1] INFO DBRepoArtist - findAll method called.
2024-04-02 18:20:34,149 [1] INFO DBRepoArtist - Found 2 artists
2024-04-02 18:20:34,149 [1] INFO DBRepoSpectacol - FindAll method called.
2024-04-02 18:20:34,149 [1] INFO DBRepoBilet - findAll method called.
2024-04-02 18:20:34,150 [1] INFO DBRepoBilet - findAll method called.
2024-04-02 18:20:34,150 [1] INFO DBRepoSpectacol - FindAll method called.
2024-04-02 18:20:34,150 [1] INFO DBRepoBilet - findAll method called.
2024-04-02 18:21:01,302 [1] INFO DBRepoArtist - findAll method called.
2024-04-02 18:21:01,303 [1] INFO DBRepoArtist - Found 2 artists
2024-04-02 18:21:01,303 [1] INFO DBRepoSpectacol - FindAll method called.
2024-04-02 18:21:01,304 [1] INFO DBRepoBilet - findAll method called.
2024-04-02 18:21:01,305 [1] INFO DBRepoSpectacol - FindAll method called.
2024-04-02 18:21:09,771 [1] INFO DBRepoArtist - findAll method called.
2024-04-02 18:21:09,773 [1] INFO DBRepoArtist - Found 2 artists
2024-04-02 18:21:09,773 [1] INFO DBRepoSpectacol - FindAll method called.
2024-04-02 18:21:09,774 [1] INFO DBRepoPersoana - save method called for persoana with id: 0
2024-04-02 18:21:09,780 [1] INFO DBRepoPersoana - FindAll method called.
2024-04-02 18:21:09,781 [1] INFO DBRepoPersoana - Found 16 persoane
2024-04-02 18:21:09,781 [1] INFO DBRepoClient - <log4net.Error>Exception during StringFormat: Input string was not in a correct format. <format>saving task {} </format><args>{}</args></log4net.Error>
2024-04-02 18:21:09,787 [1] INFO DBRepoClient - Saved 1 instances
2024-04-02 18:21:09,787 [1] INFO DBRepoClient - findAll method called.
2024-04-02 18:21:09,788 [1] INFO DBRepoClient - Found 9 clients
2024-04-02 18:21:09,788 [1] INFO DBRepoBilet - saving task mpp_c_app1.domain.Bilet 
2024-04-02 18:21:09,792 [1] INFO DBRepoBilet - Saved 1 instances
2024-04-02 18:21:11,390 [1] INFO DBRepoArtist - findAll method called.
2024-04-02 18:21:11,391 [1] INFO DBRepoArtist - Found 2 artists
2024-04-02 18:21:11,391 [1] INFO DBRepoSpectacol - FindAll method called.
2024-04-02 18:21:11,391 [1] INFO DBRepoBilet - findAll method called.
2024-04-02 18:21:11,392 [1] INFO DBRepoSpectacol - FindAll method called.
2024-04-02 18:33:00,149 [1] INFO DBRepoPersoana - Initializing DBRepoPersoana...
2024-04-02 18:33:00,175 [1] INFO DBRepoArtist - Initializing DBRepoArtist...
2024-04-02 18:33:00,175 [1] INFO DBRepoBilet - Initializing DBRepoBilet...
2024-04-02 18:33:00,175 [1] INFO DBRepoSpectacol - Initializing DBRepoSpectacol...
2024-04-02 18:33:00,175 [1] INFO DBRepoArtist - Initializing DBRepoArtist...
2024-04-02 18:33:00,175 [1] INFO DBRepoClient - Initializing DBRepoClient...
2024-04-02 18:33:00,179 [1] INFO mpp_c_app1.Program - Logger-ul a fost ini?ializat cu succes.
2024-04-02 18:38:00,509 [1] INFO DBRepoPersoana - Initializing DBRepoPersoana...
2024-04-02 18:38:00,533 [1] INFO DBRepoArtist - Initializing DBRepoArtist...
2024-04-02 18:38:00,534 [1] INFO DBRepoBilet - Initializing DBRepoBilet...
2024-04-02 18:38:00,534 [1] INFO DBRepoSpectacol - Initializing DBRepoSpectacol...
2024-04-02 18:38:00,534 [1] INFO DBRepoArtist - Initializing DBRepoArtist...
2024-04-02 18:38:00,534 [1] INFO DBRepoClient - Initializing DBRepoClient...
2024-04-02 18:38:00,537 [1] INFO mpp_c_app1.Program - Logger-ul a fost ini?ializat cu succes.
2024-04-02 18:38:10,660 [1] INFO DBRepoArtist - findAll method called.
2024-04-02 18:38:10,663 [1] INFO DBRepoArtist - Found 2 artists
2024-04-02 18:38:10,663 [1] INFO DBRepoSpectacol - FindAll method called.
2024-04-02 18:38:10,665 [1] INFO DBRepoBilet - findAll method called.
2024-04-02 18:38:10,666 [1] INFO DBRepoBilet - findAll method called.
2024-04-02 18:38:10,666 [1] INFO DBRepoSpectacol - FindAll method called.
2024-04-02 18:38:10,667 [1] INFO DBRepoBilet - findAll method called.
2024-04-02 18:38:45,448 [1] INFO DBRepoArtist - findAll method called.
2024-04-02 18:38:45,450 [1] INFO DBRepoArtist - Found 2 artists
2024-04-02 18:38:45,450 [1] INFO DBRepoSpectacol - FindAll method called.
2024-04-02 18:38:45,450 [1] INFO DBRepoBilet - findAll method called.
2024-04-02 18:38:45,451 [1] INFO DBRepoBilet - findAll method called.
2024-04-02 18:38:45,451 [1] INFO DBRepoSpectacol - FindAll method called.
2024-04-02 18:38:45,452 [1] INFO DBRepoBilet - findAll method called.
2024-04-02 18:39:05,014 [1] INFO DBRepoArtist - findAll method called.
2024-04-02 18:39:05,015 [1] INFO DBRepoArtist - Found 2 artists
2024-04-02 18:39:05,015 [1] INFO DBRepoSpectacol - FindAll method called.
2024-04-02 18:39:05,016 [1] INFO DBRepoSpectacol - FindAll method called.
2024-04-02 18:39:05,017 [1] INFO DBRepoPersoana - save method called for persoana with id: 0
2024-04-02 18:39:05,023 [1] INFO DBRepoPersoana - FindAll method called.
2024-04-02 18:39:05,023 [1] INFO DBRepoPersoana - Found 17 persoane
2024-04-02 18:39:05,024 [1] INFO DBRepoClient - <log4net.Error>Exception during StringFormat: Input string was not in a correct format. <format>saving task {} </format><args>{}</args></log4net.Error>
2024-04-02 18:39:05,032 [1] INFO DBRepoClient - Saved 1 instances
2024-04-02 18:39:05,033 [1] INFO DBRepoClient - findAll method called.
2024-04-02 18:39:05,033 [1] INFO DBRepoClient - Found 10 clients
2024-04-02 18:39:05,034 [1] INFO DBRepoBilet - saving task mpp_c_app1.domain.Bilet 
2024-04-02 18:39:05,037 [1] INFO DBRepoBilet - Saved 1 instances
2024-04-02 18:39:07,194 [1] INFO DBRepoArtist - findAll method called.
2024-04-02 18:39:07,195 [1] INFO DBRepoArtist - Found 2 artists
2024-04-02 18:39:07,195 [1] INFO DBRepoSpectacol - FindAll method called.
2024-04-02 18:39:07,196 [1] INFO DBRepoBilet - findAll method called.
2024-04-02 18:39:07,196 [1] INFO DBRepoBilet - findAll method called.
2024-04-02 18:39:07,196 [1] INFO DBRepoSpectacol - FindAll method called.
2024-04-02 18:39:07,197 [1] INFO DBRepoBilet - findAll method called.
2024-04-02 18:39:25,239 [1] INFO DBRepoArtist - findAll method called.
2024-04-02 18:39:25,241 [1] INFO DBRepoArtist - Found 2 artists
2024-04-02 18:39:25,241 [1] INFO DBRepoSpectacol - FindAll method called.
2024-04-02 18:39:25,242 [1] INFO DBRepoPersoana - save method called for persoana with id: 0
2024-04-02 18:39:25,247 [1] INFO DBRepoPersoana - FindAll method called.
2024-04-02 18:39:25,248 [1] INFO DBRepoPersoana - Found 18 persoane
2024-04-02 18:39:25,248 [1] INFO DBRepoClient - <log4net.Error>Exception during StringFormat: Input string was not in a correct format. <format>saving task {} </format><args>{}</args></log4net.Error>
2024-04-02 18:39:25,252 [1] INFO DBRepoClient - Saved 1 instances
2024-04-02 18:39:25,252 [1] INFO DBRepoClient - findAll method called.
2024-04-02 18:39:25,253 [1] INFO DBRepoClient - Found 11 clients
2024-04-02 18:39:25,253 [1] INFO DBRepoBilet - saving task mpp_c_app1.domain.Bilet 
2024-04-02 18:39:25,256 [1] INFO DBRepoBilet - Saved 1 instances
2024-04-02 18:39:27,078 [1] INFO DBRepoArtist - findAll method called.
2024-04-02 18:39:27,080 [1] INFO DBRepoArtist - Found 2 artists
2024-04-02 18:39:27,080 [1] INFO DBRepoSpectacol - FindAll method called.
2024-04-02 18:39:27,080 [1] INFO DBRepoBilet - findAll method called.
2024-04-02 18:39:27,081 [1] INFO DBRepoBilet - findAll method called.
2024-04-02 18:39:27,081 [1] INFO DBRepoSpectacol - FindAll method called.
2024-04-02 18:39:27,081 [1] INFO DBRepoBilet - findAll method called.
2024-04-02 18:39:35,375 [1] INFO DBRepoArtist - findAll method called.
2024-04-02 18:39:35,377 [1] INFO DBRepoArtist - Found 2 artists
2024-04-02 18:39:35,377 [1] INFO DBRepoSpectacol - FindAll method called.
2024-04-02 18:54:24,983 [1] INFO DBRepoPersoana - Initializing DBRepoPersoana...
2024-04-02 18:54:25,015 [1] INFO DBRepoArtist - Initializing DBRepoArtist...
2024-04-02 18:54:25,015 [1] INFO DBRepoBilet - Initializing DBRepoBilet...
2024-04-02 18:54:25,015 [1] INFO DBRepoSpectacol - Initializing DBRepoSpectacol...
2024-04-02 18:54:25,016 [1] INFO DBRepoArtist - Initializing DBRepoArtist...
2024-04-02 18:54:25,016 [1] INFO DBRepoClient - Initializing DBRepoClient...
2024-04-02 18:54:25,019 [1] INFO mpp_c_app1.Program - Logger-ul a fost ini?ializat cu succes.
2024-04-02 18:54:35,783 [1] INFO DBRepoArtist - findAll method called.
2024-04-02 18:54:35,786 [1] INFO DBRepoArtist - Found 2 artists
2024-04-02 18:54:35,786 [1] INFO DBRepoSpectacol - FindAll method called.
2024-04-02 18:54:35,788 [1] INFO DBRepoBilet - findAll method called.
2024-04-02 18:54:35,789 [1] INFO DBRepoBilet - findAll method called.
2024-04-02 18:54:35,789 [1] INFO DBRepoSpectacol - FindAll method called.
2024-04-02 18:54:35,790 [1] INFO DBRepoBilet - findAll method called.
2024-04-02 18:54:45,385 [1] INFO DBRepoArtist - findAll method called.
2024-04-02 18:54:45,386 [1] INFO DBRepoArtist - Found 2 artists
2024-04-02 18:54:45,386 [1] INFO DBRepoSpectacol - FindAll method called.
